province,city,link
Australian Capital Territory,Canberra,Albury
Australian Capital Territory,Canberra,Balranald
Australian Capital Territory,Canberra,Belconnen
Australian Capital Territory,Canberra,Berrigan
Australian Capital Territory,Canberra,Bland
Australian Capital Territory,Canberra,Bombala
Australian Capital Territory,Canberra,Boorowa
Australian Capital Territory,Canberra,Canberra Central
Australian Capital Territory,Canberra,Carrathool
Australian Capital Territory,Canberra,Cobar
Australian Capital Territory,Canberra,Conargo
Australian Capital Territory,Canberra,Coolamon
Australian Capital Territory,Canberra,Cooma-Monaro
Australian Capital Territory,Canberra,Cootamundra
Australian Capital Territory,Canberra,Corowa Shire
Australian Capital Territory,Canberra,Deniliquin
Australian Capital Territory,Canberra,Goulburn Mulwaree
Australian Capital Territory,Canberra,Greater Hume Shire
Australian Capital Territory,Canberra,Griffith
Australian Capital Territory,Canberra,Gundagai
Australian Capital Territory,Canberra,Gungahlin
Australian Capital Territory,Canberra,Harden
Australian Capital Territory,Canberra,Hay
Australian Capital Territory,Canberra,Jerilderie
Australian Capital Territory,Canberra,Junee
Australian Capital Territory,Canberra,Lachlan
Australian Capital Territory,Canberra,Leeton
Australian Capital Territory,Canberra,Lockhart
Australian Capital Territory,Canberra,Murray
Australian Capital Territory,Canberra,Murrumbidgee
Australian Capital Territory,Canberra,Narrandera
Australian Capital Territory,Canberra,Palerang
Australian Capital Territory,Canberra,Queanbeyan
Australian Capital Territory,Canberra,Snowy River
Australian Capital Territory,Canberra,Temora
Australian Capital Territory,Canberra,Tuggeranong
Australian Capital Territory,Canberra,Tumbarumba
Australian Capital Territory,Canberra,Tumut Shire
Australian Capital Territory,Canberra,Upper Lachlan Shire
Australian Capital Territory,Canberra,Urana
Australian Capital Territory,Canberra,Wagga Wagga
Australian Capital Territory,Canberra,Wakool
Australian Capital Territory,Canberra,Weddin
Australian Capital Territory,Canberra,Weston Creek
Australian Capital Territory,Canberra,Woden Valley
Australian Capital Territory,Canberra,Yass Valley
Australian Capital Territory,Canberra,Young
New South Wales,Alexandria,Botany Bay
New South Wales,Alexandria,Leichhardt
New South Wales,Alexandria,Marrickville
New South Wales,Alexandria,Randwick
New South Wales,Alexandria,Sydney
New South Wales,Burwood,Bankstown
New South Wales,Burwood,Canterbury
New South Wales,Burwood,Hurstville
New South Wales,Burwood,Kogarah
New South Wales,Burwood,Rockdale
New South Wales,Burwood,Strathfield
New South Wales,Burwood,Unincorporated
New South Wales,Canberra,Albury
New South Wales,Canberra,Balranald
New South Wales,Canberra,Belconnen
New South Wales,Canberra,Berrigan
New South Wales,Canberra,Bland
New South Wales,Canberra,Bombala
New South Wales,Canberra,Boorowa
New South Wales,Canberra,Canberra Central
New South Wales,Canberra,Carrathool
New South Wales,Canberra,Cobar
New South Wales,Canberra,Conargo
New South Wales,Canberra,Coolamon
New South Wales,Canberra,Cooma-Monaro
New South Wales,Canberra,Cootamundra
New South Wales,Canberra,Corowa Shire
New South Wales,Canberra,Deniliquin
New South Wales,Canberra,Goulburn Mulwaree
New South Wales,Canberra,Greater Hume Shire
New South Wales,Canberra,Griffith
New South Wales,Canberra,Gundagai
New South Wales,Canberra,Gungahlin
New South Wales,Canberra,Harden
New South Wales,Canberra,Hay
New South Wales,Canberra,Jerilderie
New South Wales,Canberra,Junee
New South Wales,Canberra,Lachlan
New South Wales,Canberra,Leeton
New South Wales,Canberra,Lockhart
New South Wales,Canberra,Murray
New South Wales,Canberra,Murrumbidgee
New South Wales,Canberra,Narrandera
New South Wales,Canberra,Palerang
New South Wales,Canberra,Queanbeyan
New South Wales,Canberra,Snowy River
New South Wales,Canberra,Temora
New South Wales,Canberra,Tuggeranong
New South Wales,Canberra,Tumbarumba
New South Wales,Canberra,Tumut Shire
New South Wales,Canberra,Upper Lachlan Shire
New South Wales,Canberra,Urana
New South Wales,Canberra,Wagga Wagga
New South Wales,Canberra,Wakool
New South Wales,Canberra,Weddin
New South Wales,Canberra,Weston Creek
New South Wales,Canberra,Woden Valley
New South Wales,Canberra,Yass Valley
New South Wales,Canberra,Young
New South Wales,Country West,Bathurst Regional
New South Wales,Country West,Bega Valley
New South Wales,Country West,Blayney
New South Wales,Country West,Bogan
New South Wales,Country West,Boorowa
New South Wales,Country West,Bourke
New South Wales,Country West,Brewarrina
New South Wales,Country West,Broken Hill
New South Wales,Country West,Cabonne
New South Wales,Country West,Central Darling
New South Wales,Country West,Cobar
New South Wales,Country West,Coonamble
New South Wales,Country West,Cowra
New South Wales,Country West,Dubbo
New South Wales,Country West,Eurobodalla
New South Wales,Country West,Forbes
New South Wales,Country West,Gilgandra
New South Wales,Country West,Kiama
New South Wales,Country West,Lachlan
New South Wales,Country West,Lithgow
New South Wales,Country West,Mid-Western Regional
New South Wales,Country West,Narromine
New South Wales,Country West,Oberon
New South Wales,Country West,Orange
New South Wales,Country West,Parkes
New South Wales,Country West,Shoalhaven
New South Wales,Country West,Unincorporated
New South Wales,Country West,Walgett
New South Wales,Country West,Warren
New South Wales,Country West,Warrumbungle Shire
New South Wales,Country West,Weddin
New South Wales,Country West,Wellington
New South Wales,Country West,Young
New South Wales,Far country,Alpine
New South Wales,Far country,Ararat
New South Wales,Far country,Ballarat
New South Wales,Far country,Balranald
New South Wales,Far country,Bass Coast
New South Wales,Far country,Baw Baw
New South Wales,Far country,Benalla
New South Wales,Far country,Berri and Barmera
New South Wales,Far country,Berrigan
New South Wales,Far country,Buloke
New South Wales,Far country,Campaspe
New South Wales,Far country,Cardinia
New South Wales,Far country,Casey
New South Wales,Far country,Ceduna
New South Wales,Far country,Central Goldfields
New South Wales,Far country,Clare and Gilbert Valleys
New South Wales,Far country,Cleve
New South Wales,Far country,Colac-Otway
New South Wales,Far country,Coober Pedy
New South Wales,Far country,Corangamite
New South Wales,Far country,East Gippsland
New South Wales,Far country,Elliston
New South Wales,Far country,Flinders Ranges
New South Wales,Far country,Franklin Harbour
New South Wales,Far country,Gannawarra
New South Wales,Far country,Glenelg
New South Wales,Far country,Golden Plains
New South Wales,Far country,Goyder
New South Wales,Far country,Grant
New South Wales,Far country,Greater Bendigo
New South Wales,Far country,Greater Geelong
New South Wales,Far country,Greater Shepparton
New South Wales,Far country,Hepburn
New South Wales,Far country,Hindmarsh
New South Wales,Far country,Horsham
New South Wales,Far country,Indigo
New South Wales,Far country,Kimba
New South Wales,Far country,Kingston
New South Wales,Far country,Latrobe
New South Wales,Far country,Loddon
New South Wales,Far country,Lower Eyre Peninsula
New South Wales,Far country,Loxton Waikerie
New South Wales,Far country,Macedon Ranges
New South Wales,Far country,Mansfield
New South Wales,Far country,Mid Murray
New South Wales,Far country,Mildura
New South Wales,Far country,Mitchell
New South Wales,Far country,Moira
New South Wales,Far country,Moorabool
New South Wales,Far country,Mount Alexander
New South Wales,Far country,Mount Gambier
New South Wales,Far country,Mount Remarkable
New South Wales,Far country,Moyne
New South Wales,Far country,Murray
New South Wales,Far country,Murrindindi
New South Wales,Far country,Naracoorte and Lucindale
New South Wales,Far country,Northern Areas
New South Wales,Far country,Northern Grampians
New South Wales,Far country,Orroroo/Carrieton
New South Wales,Far country,Peterborough
New South Wales,Far country,Port Augusta
New South Wales,Far country,Port Lincoln
New South Wales,Far country,Port Pirie City and Dists
New South Wales,Far country,Pyrenees
New South Wales,Far country,Queenscliffe
New South Wales,Far country,Renmark Paringa
New South Wales,Far country,Robe
New South Wales,Far country,Roxby Downs
New South Wales,Far country,South Gippsland
New South Wales,Far country,Southern Grampians
New South Wales,Far country,Strathbogie
New South Wales,Far country,Streaky Bay
New South Wales,Far country,Surf Coast
New South Wales,Far country,Swan Hill
New South Wales,Far country,Tatiara
New South Wales,Far country,The Coorong
New South Wales,Far country,Towong
New South Wales,Far country,Tumby Bay
New South Wales,Far country,Unincorporated
New South Wales,Far country,Wakool
New South Wales,Far country,Wangaratta
New South Wales,Far country,Warrnambool
New South Wales,Far country,Wattle Range
New South Wales,Far country,Wellington
New South Wales,Far country,Wentworth Shire
New South Wales,Far country,West Wimmera
New South Wales,Far country,Whyalla
New South Wales,Far country,Wodonga
New South Wales,Far country,Wudinna
New South Wales,Far country,Yarriambiack
New South Wales,Frenchs Forest,Manly
New South Wales,Frenchs Forest,Pittwater
New South Wales,Frenchs Forest,Warringah
New South Wales,Gold Coast,Gold Coast
New South Wales,Gold Coast,Scenic Rim
New South Wales,Gold Coast,Tweed
New South Wales,Gosford,Gosford
New South Wales,Gosford,Lake Macquarie
New South Wales,Gosford,Wyong
New South Wales,Hunter,Cessnock
New South Wales,Hunter,Dungog
New South Wales,Hunter,Gloucester
New South Wales,Hunter,Great Lakes
New South Wales,Hunter,Greater Taree
New South Wales,Hunter,Hornsby
New South Wales,Hunter,Lake Macquarie
New South Wales,Hunter,Maitland
New South Wales,Hunter,Muswellbrook
New South Wales,Hunter,Newcastle
New South Wales,Hunter,Port Macquarie-Hastings
New South Wales,Hunter,Port Stephens
New South Wales,Hunter,Singleton
New South Wales,Hunter,Upper Hunter Shire
New South Wales,Hunter,Warrumbungle Shire
New South Wales,Illawarra,Shellharbour
New South Wales,Illawarra,Sutherland Shire
New South Wales,Illawarra,Wollongong
New South Wales,Ingleburn,Camden
New South Wales,Ingleburn,Campbelltown
New South Wales,Ingleburn,Fairfield
New South Wales,Ingleburn,Goulburn Mulwaree
New South Wales,Ingleburn,Liverpool
New South Wales,Ingleburn,Penrith
New South Wales,Ingleburn,Shoalhaven
New South Wales,Ingleburn,Sutherland Shire
New South Wales,Ingleburn,Wingecarribee
New South Wales,Ingleburn,Wollondilly
New South Wales,Leightonfield,Auburn
New South Wales,Leightonfield,Bankstown
New South Wales,Leightonfield,Fairfield
New South Wales,Leightonfield,Holroyd
New South Wales,Leightonfield,Parramatta
New South Wales,Nepean,Blacktown
New South Wales,Nepean,Blue Mountains
New South Wales,Nepean,Hawkesbury
New South Wales,Nepean,Liverpool
New South Wales,Nepean,Penrith
New South Wales,Nepean,The Hills Shire
New South Wales,Nepean,Wollondilly
New South Wales,North Coast,Armidale Dumaresq
New South Wales,North Coast,Ballina
New South Wales,North Coast,Bellingen
New South Wales,North Coast,Byron
New South Wales,North Coast,Clarence Valley
New South Wales,North Coast,Coffs Harbour
New South Wales,North Coast,Glen Innes Severn
New South Wales,North Coast,Greater Taree
New South Wales,North Coast,Gunnedah
New South Wales,North Coast,Guyra
New South Wales,North Coast,Gwydir
New South Wales,North Coast,Inverell
New South Wales,North Coast,Kempsey
New South Wales,North Coast,Kyogle
New South Wales,North Coast,Lismore
New South Wales,North Coast,Liverpool Plains
New South Wales,North Coast,Moree Plains
New South Wales,North Coast,Nambucca
New South Wales,North Coast,Narrabri
New South Wales,North Coast,Port Macquarie-Hastings
New South Wales,North Coast,Richmond Valley
New South Wales,North Coast,Tamworth Regional
New South Wales,North Coast,Tenterfield
New South Wales,North Coast,Tweed
New South Wales,North Coast,Uralla
New South Wales,North Coast,Walcha
New South Wales,North Coast,Walgett
New South Wales,North Coast,Warrumbungle Shire
New South Wales,Parramatta,Ashfield
New South Wales,Parramatta,Auburn
New South Wales,Parramatta,Burwood
New South Wales,Parramatta,Canada Bay
New South Wales,Parramatta,Parramatta
New South Wales,Parramatta,Strathfield
New South Wales,Parramatta,The Hills Shire
New South Wales,Pymble,Gosford
New South Wales,Pymble,Hornsby
New South Wales,Pymble,Ku-ring-gai
New South Wales,Pymble,Parramatta
New South Wales,Pymble,Ryde
New South Wales,Pymble,The Hills Shire
New South Wales,Seven Hills,Blacktown
New South Wales,Seven Hills,Gosford
New South Wales,Seven Hills,Hawkesbury
New South Wales,Seven Hills,Holroyd
New South Wales,Seven Hills,Hornsby
New South Wales,Seven Hills,Parramatta
New South Wales,Seven Hills,The Hills Shire
New South Wales,St Leonards,Hunter's Hill
New South Wales,St Leonards,Ku-ring-gai
New South Wales,St Leonards,Lane Cove
New South Wales,St Leonards,Mosman
New South Wales,St Leonards,North Sydney
New South Wales,St Leonards,Ryde
New South Wales,St Leonards,Willoughby
New South Wales,Sydney,Sydney
New South Wales,Waterloo,Randwick
New South Wales,Waterloo,Sydney
New South Wales,Waterloo,Waverley
New South Wales,Waterloo,Woollahra
Northern Territory,City subs,Adelaide
Northern Territory,City subs,Alexandrina
Northern Territory,City subs,Alice Springs
Northern Territory,City subs,Anangu Pitjantjatjara
Northern Territory,City subs,Charles Sturt
Northern Territory,City subs,Marion
Northern Territory,City subs,Ngaanyatjarraku
Northern Territory,City subs,Onkaparinga
Northern Territory,City subs,Port Adelaide Enfield
Northern Territory,City subs,Unincorporated
Northern Territory,City subs,Unley
Northern Territory,City subs,West Torrens
Northern Territory,City subs,Yankalilla
Northern Territory,Darwin,Coomalie
Northern Territory,Darwin,Darwin
Northern Territory,Darwin,Katherine
Northern Territory,Darwin,Litchfield
Northern Territory,Darwin,Palmerston
Northern Territory,Darwin,Roper Gulf
Northern Territory,Darwin,Unincorporated
Northern Territory,Darwin,Victoria-Daly
Northern Territory,Darwin,West Arnhem
Queensland,Brisbane Central,Brisbane
Queensland,Central Queensland,Banana
Queensland,Central Queensland,Barcaldine
Queensland,Central Queensland,Barcoo
Queensland,Central Queensland,Central Highlands
Queensland,Central Queensland,Diamantina
Queensland,Central Queensland,Gladstone
Queensland,Central Queensland,Isaac
Queensland,Central Queensland,Longreach
Queensland,Central Queensland,Mackay
Queensland,Central Queensland,Rockhampton
Queensland,Central Queensland,Whitsunday
Queensland,Central Queensland,Winton
Queensland,Central Queensland,Woorabinda
Queensland,Gold Coast,Gold Coast
Queensland,Gold Coast,Scenic Rim
Queensland,Gold Coast,Tweed
Queensland,Heathwood,Brisbane
Queensland,Heathwood,Gold Coast
Queensland,Heathwood,Logan
Queensland,Heathwood,Scenic Rim
Queensland,Moreton,Brisbane
Queensland,Moreton,Moreton Bay
Queensland,Moreton,Somerset
Queensland,Moreton,Sunshine Coast
Queensland,North Queensland,Aurukun
Queensland,North Queensland,Boulia
Queensland,North Queensland,Burdekin
Queensland,North Queensland,Burke
Queensland,North Queensland,Cairns
Queensland,North Queensland,Carpentaria
Queensland,North Queensland,Cassowary Coast
Queensland,North Queensland,Charters Towers
Queensland,North Queensland,Cloncurry
Queensland,North Queensland,Cook
Queensland,North Queensland,Croydon
Queensland,North Queensland,Diamantina
Queensland,North Queensland,Doomadgee
Queensland,North Queensland,Etheridge
Queensland,North Queensland,Flinders
Queensland,North Queensland,Hinchinbrook
Queensland,North Queensland,Hope Vale
Queensland,North Queensland,Kowanyama
Queensland,North Queensland,Lockhart River
Queensland,North Queensland,Mapoon
Queensland,North Queensland,McKinlay
Queensland,North Queensland,Mornington
Queensland,North Queensland,Mount Isa
Queensland,North Queensland,Napranum
Queensland,North Queensland,Northern Peninsula Area
Queensland,North Queensland,Palm Island
Queensland,North Queensland,Pormpuraaw
Queensland,North Queensland,Richmond
Queensland,North Queensland,Tablelands
Queensland,North Queensland,Torres Strait Island
Queensland,North Queensland,Townsville
Queensland,North Queensland,Weipa
Queensland,North Queensland,Whitsunday
Queensland,North Queensland,Wujal Wujal
Queensland,North Queensland,Yarrabah
Queensland,Northgate,Brisbane
Queensland,Northgate,Moreton Bay
Queensland,South subs,Brisbane
Queensland,South subs,Gold Coast
Queensland,South subs,Logan
Queensland,South subs,Redland
Queensland,South subs,Scenic Rim
Queensland,Sunshine Coast,Bundaberg
Queensland,Sunshine Coast,Fraser Coast
Queensland,Sunshine Coast,Gladstone
Queensland,Sunshine Coast,Gympie
Queensland,Sunshine Coast,North Burnett
Queensland,Sunshine Coast,Sunshine Coast
Queensland,Toowoomba region,Balonne
Queensland,Toowoomba region,Banana
Queensland,Toowoomba region,Barcoo
Queensland,Toowoomba region,Blackall Tambo
Queensland,Toowoomba region,Bulloo
Queensland,Toowoomba region,Cherbourg
Queensland,Toowoomba region,Diamantina
Queensland,Toowoomba region,Goondiwindi
Queensland,Toowoomba region,Lockyer Valley
Queensland,Toowoomba region,Maranoa
Queensland,Toowoomba region,Murweh
Queensland,Toowoomba region,Paroo
Queensland,Toowoomba region,Quilpie
Queensland,Toowoomba region,South Burnett
Queensland,Toowoomba region,Southern Downs
Queensland,Toowoomba region,Toowoomba
Queensland,Toowoomba region,Western Downs
Queensland,West subs,Brisbane
Queensland,West subs,Ipswich
Queensland,West subs,Lockyer Valley
Queensland,West subs,Scenic Rim
Queensland,West subs,Somerset
Queensland,West subs,South Burnett
South Australia,City subs,Adelaide
South Australia,City subs,Alexandrina
South Australia,City subs,Alice Springs
South Australia,City subs,Anangu Pitjantjatjara
South Australia,City subs,Charles Sturt
South Australia,City subs,Marion
South Australia,City subs,Ngaanyatjarraku
South Australia,City subs,Onkaparinga
South Australia,City subs,Port Adelaide Enfield
South Australia,City subs,Unincorporated
South Australia,City subs,Unley
South Australia,City subs,West Torrens
South Australia,City subs,Yankalilla
South Australia,Far country,Alpine
South Australia,Far country,Ararat
South Australia,Far country,Ballarat
South Australia,Far country,Balranald
South Australia,Far country,Bass Coast
South Australia,Far country,Baw Baw
South Australia,Far country,Benalla
South Australia,Far country,Berri and Barmera
South Australia,Far country,Berrigan
South Australia,Far country,Buloke
South Australia,Far country,Campaspe
South Australia,Far country,Cardinia
South Australia,Far country,Casey
South Australia,Far country,Ceduna
South Australia,Far country,Central Goldfields
South Australia,Far country,Clare and Gilbert Valleys
South Australia,Far country,Cleve
South Australia,Far country,Colac-Otway
South Australia,Far country,Coober Pedy
South Australia,Far country,Corangamite
South Australia,Far country,East Gippsland
South Australia,Far country,Elliston
South Australia,Far country,Flinders Ranges
South Australia,Far country,Franklin Harbour
South Australia,Far country,Gannawarra
South Australia,Far country,Glenelg
South Australia,Far country,Golden Plains
South Australia,Far country,Goyder
South Australia,Far country,Grant
South Australia,Far country,Greater Bendigo
South Australia,Far country,Greater Geelong
South Australia,Far country,Greater Shepparton
South Australia,Far country,Hepburn
South Australia,Far country,Hindmarsh
South Australia,Far country,Horsham
South Australia,Far country,Indigo
South Australia,Far country,Kimba
South Australia,Far country,Kingston
South Australia,Far country,Latrobe
South Australia,Far country,Loddon
South Australia,Far country,Lower Eyre Peninsula
South Australia,Far country,Loxton Waikerie
South Australia,Far country,Macedon Ranges
South Australia,Far country,Mansfield
South Australia,Far country,Mid Murray
South Australia,Far country,Mildura
South Australia,Far country,Mitchell
South Australia,Far country,Moira
South Australia,Far country,Moorabool
South Australia,Far country,Mount Alexander
South Australia,Far country,Mount Gambier
South Australia,Far country,Mount Remarkable
South Australia,Far country,Moyne
South Australia,Far country,Murray
South Australia,Far country,Murrindindi
South Australia,Far country,Naracoorte and Lucindale
South Australia,Far country,Northern Areas
South Australia,Far country,Northern Grampians
South Australia,Far country,Orroroo/Carrieton
South Australia,Far country,Peterborough
South Australia,Far country,Port Augusta
South Australia,Far country,Port Lincoln
South Australia,Far country,Port Pirie City and Dists
South Australia,Far country,Pyrenees
South Australia,Far country,Queenscliffe
South Australia,Far country,Renmark Paringa
South Australia,Far country,Robe
South Australia,Far country,Roxby Downs
South Australia,Far country,South Gippsland
South Australia,Far country,Southern Grampians
South Australia,Far country,Strathbogie
South Australia,Far country,Streaky Bay
South Australia,Far country,Surf Coast
South Australia,Far country,Swan Hill
South Australia,Far country,Tatiara
South Australia,Far country,The Coorong
South Australia,Far country,Towong
South Australia,Far country,Tumby Bay
South Australia,Far country,Unincorporated
South Australia,Far country,Wakool
South Australia,Far country,Wangaratta
South Australia,Far country,Warrnambool
South Australia,Far country,Wattle Range
South Australia,Far country,Wellington
South Australia,Far country,Wentworth Shire
South Australia,Far country,West Wimmera
South Australia,Far country,Whyalla
South Australia,Far country,Wodonga
South Australia,Far country,Wudinna
South Australia,Far country,Yarriambiack
South Australia,Subs near,Adelaide Hills
South Australia,Subs near,Alexandrina
South Australia,Subs near,Barossa
South Australia,Subs near,Barunga West
South Australia,Subs near,Burnside
South Australia,Subs near,Campbelltown
South Australia,Subs near,Charles Sturt
South Australia,Subs near,Clare and Gilbert Valleys
South Australia,Subs near,Copper Coast
South Australia,Subs near,Gawler
South Australia,Subs near,Goyder
South Australia,Subs near,Holdfast Bay
South Australia,Subs near,Kangaroo Island
South Australia,Subs near,Karoonda East Murray
South Australia,Subs near,Light
South Australia,Subs near,Loxton Waikerie
South Australia,Subs near,Mallala
South Australia,Subs near,Marion
South Australia,Subs near,Mid Murray
South Australia,Subs near,Mitcham
South Australia,Subs near,Mount Barker
South Australia,Subs near,Murray Bridge
South Australia,Subs near,Northern Areas
South Australia,Subs near,Norwood Payneham St Peters
South Australia,Subs near,Onkaparinga
South Australia,Subs near,Playford
South Australia,Subs near,Port Adelaide Enfield
South Australia,Subs near,Port Pirie City and Dists
South Australia,Subs near,Prospect
South Australia,Subs near,Salisbury
South Australia,Subs near,Southern Mallee
South Australia,Subs near,Tea Tree Gully
South Australia,Subs near,The Coorong
South Australia,Subs near,Unley
South Australia,Subs near,Victor Harbor
South Australia,Subs near,Wakefield
South Australia,Subs near,Walkerville
South Australia,Subs near,West Torrens
South Australia,Subs near,Yankalilla
South Australia,Subs near,Yorke Peninsula
Tasmania,Tasmania,Break O'Day
Tasmania,Tasmania,Brighton
Tasmania,Tasmania,Burnie
Tasmania,Tasmania,Central Coast
Tasmania,Tasmania,Central Highlands
Tasmania,Tasmania,Circular Head
Tasmania,Tasmania,Clarence
Tasmania,Tasmania,Derwent Valley
Tasmania,Tasmania,Devonport
Tasmania,Tasmania,Dorset
Tasmania,Tasmania,Flinders
Tasmania,Tasmania,George Town
Tasmania,Tasmania,Glamorgan/Spring Bay
Tasmania,Tasmania,Glenorchy
Tasmania,Tasmania,Hobart
Tasmania,Tasmania,Huon Valley
Tasmania,Tasmania,Kentish
Tasmania,Tasmania,King Island
Tasmania,Tasmania,Kingborough
Tasmania,Tasmania,Latrobe
Tasmania,Tasmania,Launceston
Tasmania,Tasmania,Meander Valley
Tasmania,Tasmania,Northern Midlands
Tasmania,Tasmania,Sorell
Tasmania,Tasmania,Southern Midlands
Tasmania,Tasmania,Tasman
Tasmania,Tasmania,Waratah/Wynyard
Tasmania,Tasmania,West Coast
Tasmania,Tasmania,West Tamar
Victoria,Dandenong,Bayside
Victoria,Dandenong,Cardinia
Victoria,Dandenong,Casey
Victoria,Dandenong,Glen Eira
Victoria,Dandenong,Greater Dandenong
Victoria,Dandenong,Kingston
Victoria,Dandenong,Yarra Ranges
Victoria,Far country,Alpine
Victoria,Far country,Ararat
Victoria,Far country,Ballarat
Victoria,Far country,Balranald
Victoria,Far country,Bass Coast
Victoria,Far country,Baw Baw
Victoria,Far country,Benalla
Victoria,Far country,Berri and Barmera
Victoria,Far country,Berrigan
Victoria,Far country,Buloke
Victoria,Far country,Campaspe
Victoria,Far country,Cardinia
Victoria,Far country,Casey
Victoria,Far country,Ceduna
Victoria,Far country,Central Goldfields
Victoria,Far country,Clare and Gilbert Valleys
Victoria,Far country,Cleve
Victoria,Far country,Colac-Otway
Victoria,Far country,Coober Pedy
Victoria,Far country,Corangamite
Victoria,Far country,East Gippsland
Victoria,Far country,Elliston
Victoria,Far country,Flinders Ranges
Victoria,Far country,Franklin Harbour
Victoria,Far country,Gannawarra
Victoria,Far country,Glenelg
Victoria,Far country,Golden Plains
Victoria,Far country,Goyder
Victoria,Far country,Grant
Victoria,Far country,Greater Bendigo
Victoria,Far country,Greater Geelong
Victoria,Far country,Greater Shepparton
Victoria,Far country,Hepburn
Victoria,Far country,Hindmarsh
Victoria,Far country,Horsham
Victoria,Far country,Indigo
Victoria,Far country,Kimba
Victoria,Far country,Kingston
Victoria,Far country,Latrobe
Victoria,Far country,Loddon
Victoria,Far country,Lower Eyre Peninsula
Victoria,Far country,Loxton Waikerie
Victoria,Far country,Macedon Ranges
Victoria,Far country,Mansfield
Victoria,Far country,Mid Murray
Victoria,Far country,Mildura
Victoria,Far country,Mitchell
Victoria,Far country,Moira
Victoria,Far country,Moorabool
Victoria,Far country,Mount Alexander
Victoria,Far country,Mount Gambier
Victoria,Far country,Mount Remarkable
Victoria,Far country,Moyne
Victoria,Far country,Murray
Victoria,Far country,Murrindindi
Victoria,Far country,Naracoorte and Lucindale
Victoria,Far country,Northern Areas
Victoria,Far country,Northern Grampians
Victoria,Far country,Orroroo/Carrieton
Victoria,Far country,Peterborough
Victoria,Far country,Port Augusta
Victoria,Far country,Port Lincoln
Victoria,Far country,Port Pirie City and Dists
Victoria,Far country,Pyrenees
Victoria,Far country,Queenscliffe
Victoria,Far country,Renmark Paringa
Victoria,Far country,Robe
Victoria,Far country,Roxby Downs
Victoria,Far country,South Gippsland
Victoria,Far country,Southern Grampians
Victoria,Far country,Strathbogie
Victoria,Far country,Streaky Bay
Victoria,Far country,Surf Coast
Victoria,Far country,Swan Hill
Victoria,Far country,Tatiara
Victoria,Far country,The Coorong
Victoria,Far country,Towong
Victoria,Far country,Tumby Bay
Victoria,Far country,Unincorporated
Victoria,Far country,Wakool
Victoria,Far country,Wangaratta
Victoria,Far country,Warrnambool
Victoria,Far country,Wattle Range
Victoria,Far country,Wellington
Victoria,Far country,Wentworth Shire
Victoria,Far country,West Wimmera
Victoria,Far country,Whyalla
Victoria,Far country,Wodonga
Victoria,Far country,Wudinna
Victoria,Far country,Yarriambiack
Victoria,Ferntree Gully,Cardinia
Victoria,Ferntree Gully,Casey
Victoria,Ferntree Gully,Knox
Victoria,Ferntree Gully,Maroondah
Victoria,Ferntree Gully,Whitehorse
Victoria,Ferntree Gully,Yarra Ranges
Victoria,Footscray,Brimbank
Victoria,Footscray,Hobsons Bay
Victoria,Footscray,Hume
Victoria,Footscray,Maribyrnong
Victoria,Footscray,Melton
Victoria,Footscray,Moonee Valley
Victoria,Footscray,Moreland
Victoria,Frankston,Cardinia
Victoria,Frankston,Casey
Victoria,Frankston,Frankston
Victoria,Frankston,Kingston
Victoria,Frankston,Mornington Peninsula
Victoria,Hawthorn,Banyule
Victoria,Hawthorn,Boroondara
Victoria,Hawthorn,Brimbank
Victoria,Hawthorn,Darebin
Victoria,Hawthorn,Melton
Victoria,Hawthorn,Monash
Victoria,Hawthorn,Stonnington
Victoria,Hawthorn,Whitehorse
Victoria,Melbourne City,Melbourne
Victoria,Melbourne City,Moonee Valley
Victoria,Melbourne City,Port Phillip
Victoria,Melbourne North West,Brimbank
Victoria,Melbourne North West,Greater Geelong
Victoria,Melbourne North West,Hobsons Bay
Victoria,Melbourne North West,Hume
Victoria,Melbourne North West,Macedon Ranges
Victoria,Melbourne North West,Melton
Victoria,Melbourne North West,Mitchell
Victoria,Melbourne North West,Moorabool
Victoria,Melbourne North West,Murrindindi
Victoria,Melbourne North West,Nillumbik
Victoria,Melbourne North West,Unincorporated
Victoria,Melbourne North West,Whittlesea
Victoria,Melbourne North West,Wyndham
Victoria,Moorabbin,Bayside
Victoria,Moorabbin,Glen Eira
Victoria,Moorabbin,Melbourne
Victoria,Moorabbin,Port Phillip
Victoria,Moorabbin,Stonnington
Victoria,Moorabbin,Yarra
Victoria,Mulgrave,Glen Eira
Victoria,Mulgrave,Greater Dandenong
Victoria,Mulgrave,Kingston
Victoria,Mulgrave,Monash
Victoria,Mulgrave,Stonnington
Victoria,Preston,Banyule
Victoria,Preston,Darebin
Victoria,Preston,Melbourne
Victoria,Preston,Moreland
Victoria,Preston,Nillumbik
Victoria,Preston,Whittlesea
Victoria,Preston,Yarra
Victoria,Ringwood,Manningham
Victoria,Ringwood,Maroondah
Victoria,Ringwood,Murrindindi
Victoria,Ringwood,Nillumbik
Victoria,Ringwood,Unincorporated
Victoria,Ringwood,Whittlesea
Victoria,Ringwood,Yarra Ranges
Victoria,Victoria country,Ararat
Victoria,Victoria country,Ballarat
Victoria,Victoria country,Baw Baw
Victoria,Victoria country,Campaspe
Victoria,Victoria country,Golden Plains
Victoria,Victoria country,Greater Bendigo
Victoria,Victoria country,Greater Geelong
Victoria,Victoria country,Greater Shepparton
Victoria,Victoria country,Latrobe
Victoria,Victoria country,Loddon
Victoria,Victoria country,Moorabool
Victoria,Victoria country,Pyrenees
Victoria,Victoria country,Surf Coast
Victoria,Victoria country,Wyndham
Western Australia,City subs,Adelaide
Western Australia,City subs,Alexandrina
Western Australia,City subs,Alice Springs
Western Australia,City subs,Anangu Pitjantjatjara
Western Australia,City subs,Charles Sturt
Western Australia,City subs,Marion
Western Australia,City subs,Ngaanyatjarraku
Western Australia,City subs,Onkaparinga
Western Australia,City subs,Port Adelaide Enfield
Western Australia,City subs,Unincorporated
Western Australia,City subs,Unley
Western Australia,City subs,West Torrens
Western Australia,City subs,Yankalilla
Western Australia,Coast,Belmont
Western Australia,Coast,Canning
Western Australia,Coast,Carnamah
Western Australia,Coast,Chapman Valley
Western Australia,Coast,Chittering
Western Australia,Coast,Coorow
Western Australia,Coast,Dalwallinu
Western Australia,Coast,Dandaragan
Western Australia,Coast,Geraldton-Greenough
Western Australia,Coast,Gingin
Western Australia,Coast,Goomalling
Western Australia,Coast,Gosnells
Western Australia,Coast,Irwin
Western Australia,Coast,Kalamunda
Western Australia,Coast,Melville
Western Australia,Coast,Mingenew
Western Australia,Coast,Moora
Western Australia,Coast,Morawa
Western Australia,Coast,Mullewa
Western Australia,Coast,Mundaring
Western Australia,Coast,Murchison
Western Australia,Coast,Northam
Western Australia,Coast,Northampton
Western Australia,Coast,Perenjori
Western Australia,Coast,Shark Bay
Western Australia,Coast,South Perth
Western Australia,Coast,Stirling
Western Australia,Coast,Swan
Western Australia,Coast,Three Springs
Western Australia,Coast,Toodyay
Western Australia,Coast,Victoria Park
Western Australia,Coast,Victoria Plains
Western Australia,Coast,Wanneroo
Western Australia,Coast,Wongan-Ballidu
Western Australia,Coast,Yalgoo
Western Australia,Great Fields,Bruce Rock
Western Australia,Great Fields,Cambridge
Western Australia,Great Fields,Coolgardie
Western Australia,Great Fields,Cunderdin
Western Australia,Great Fields,Dalwallinu
Western Australia,Great Fields,Dowerin
Western Australia,Great Fields,Dundas
Western Australia,Great Fields,Esperance
Western Australia,Great Fields,Gingin
Western Australia,Great Fields,Goomalling
Western Australia,Great Fields,Joondalup
Western Australia,Great Fields,Kalgoorlie/Boulder
Western Australia,Great Fields,Kellerberrin
Western Australia,Great Fields,Koorda
Western Australia,Great Fields,Laverton
Western Australia,Great Fields,Leonora
Western Australia,Great Fields,Menzies
Western Australia,Great Fields,Merredin
Western Australia,Great Fields,Mount Marshall
Western Australia,Great Fields,Mukinbudin
Western Australia,Great Fields,Nedlands
Western Australia,Great Fields,Northam
Western Australia,Great Fields,Nungarin
Western Australia,Great Fields,Perth
Western Australia,Great Fields,Ravensthorpe
Western Australia,Great Fields,Subiaco
Western Australia,Great Fields,Tammin
Western Australia,Great Fields,Trayning
Western Australia,Great Fields,Vincent
Western Australia,Great Fields,Wanneroo
Western Australia,Great Fields,Westonia
Western Australia,Great Fields,Wongan-Ballidu
Western Australia,Great Fields,Wyalkatchem
Western Australia,Great Fields,Yilgarn
Western Australia,Great Southern,Albany
Western Australia,Great Southern,Bassendean
Western Australia,Great Southern,Bayswater
Western Australia,Great Southern,Beverley
Western Australia,Great Southern,Boddington
Western Australia,Great Southern,Brookton
Western Australia,Great Southern,Broomehill-Tambellup
Western Australia,Great Southern,Bruce Rock
Western Australia,Great Southern,Bunbury
Western Australia,Great Southern,Cambridge
Western Australia,Great Southern,Capel
Western Australia,Great Southern,Corrigin
Western Australia,Great Southern,Cranbrook
Western Australia,Great Southern,Cuballing
Western Australia,Great Southern,Dardanup
Western Australia,Great Southern,Denmark
Western Australia,Great Southern,Dumbleyung
Western Australia,Great Southern,Gnowangerup
Western Australia,Great Southern,Harvey
Western Australia,Great Southern,Jerramungup
Western Australia,Great Southern,Joondalup
Western Australia,Great Southern,Katanning
Western Australia,Great Southern,Kent
Western Australia,Great Southern,Kojonup
Western Australia,Great Southern,Kondinin
Western Australia,Great Southern,Kulin
Western Australia,Great Southern,Lake Grace
Western Australia,Great Southern,Manjimup
Western Australia,Great Southern,Narembeen
Western Australia,Great Southern,Narrogin (S)
Western Australia,Great Southern,Narrogin (T)
Western Australia,Great Southern,Nedlands
Western Australia,Great Southern,Pingelly
Western Australia,Great Southern,Plantagenet
Western Australia,Great Southern,Quairading
Western Australia,Great Southern,Ravensthorpe
Western Australia,Great Southern,Stirling
Western Australia,Great Southern,Subiaco
Western Australia,Great Southern,Swan
Western Australia,Great Southern,Vincent
Western Australia,Great Southern,Wagin
Western Australia,Great Southern,Wandering
Western Australia,Great Southern,West Arthur
Western Australia,Great Southern,Wickepin
Western Australia,Great Southern,Williams
Western Australia,Great Southern,Woodanilling
Western Australia,Great Southern,York
Western Australia,North West,Armadale
Western Australia,North West,Ashburton
Western Australia,North West,Broome
Western Australia,North West,Cambridge
Western Australia,North West,Carnarvon
Western Australia,North West,Claremont
Western Australia,North West,Cottesloe
Western Australia,North West,Cue
Western Australia,North West,Derby-West Kimberley
Western Australia,North West,East Pilbara
Western Australia,North West,Exmouth
Western Australia,North West,Gosnells
Western Australia,North West,Halls Creek
Western Australia,North West,Joondalup
Western Australia,North West,Kalamunda
Western Australia,North West,Meekatharra
Western Australia,North West,Mosman Park
Western Australia,North West,Mount Magnet
Western Australia,North West,Mundaring
Western Australia,North West,Murchison
Western Australia,North West,Nedlands
Western Australia,North West,Peppermint Grove
Western Australia,North West,Port Hedland
Western Australia,North West,Roebourne
Western Australia,North West,Sandstone
Western Australia,North West,Serpentine-Jarrahdale
Western Australia,North West,Stirling
Western Australia,North West,Subiaco
Western Australia,North West,Swan
Western Australia,North West,Toodyay
Western Australia,North West,Unincorporated
Western Australia,North West,Upper Gascoyne
Western Australia,North West,Wanneroo
Western Australia,North West,Wiluna
Western Australia,North West,Wyndham-East Kimberley
Western Australia,South Road,Augusta-Margaret River
Western Australia,South Road,Boyup Brook
Western Australia,South Road,Bridgetown-Greenbushes
Western Australia,South Road,Bunbury
Western Australia,South Road,Busselton
Western Australia,South Road,Capel
Western Australia,South Road,Chittering
Western Australia,South Road,Cockburn
Western Australia,South Road,Collie
Western Australia,South Road,Dardanup
Western Australia,South Road,Donnybrook-Balingup
Western Australia,South Road,East Fremantle
Western Australia,South Road,Fremantle
Western Australia,South Road,Harvey
Western Australia,South Road,Kwinana
Western Australia,South Road,Mandurah
Western Australia,South Road,Manjimup
Western Australia,South Road,Melville
Western Australia,South Road,Murray
Western Australia,South Road,Nannup
Western Australia,South Road,Rockingham
Western Australia,South Road,Swan
Western Australia,South Road,Waroona
