province,provinceCode,city
An Giang,An Giang,An Phú
An Giang,An Giang,Châu Phú
An Giang,An Giang,Châu Đốc
An Giang,An Giang,Chợ Mới
An Giang,An Giang,Long Xuyen Township
An Giang,An Giang,Thoại Sơn
An Giang,An Giang,Tri Tôn
An Giang,An Giang,Tịnh Biên
Bà Rịa - Vũng Tàu,Bà Rịa - Vũng Tàu,Ba Ria
Bà Rịa - Vũng Tàu,Bà Rịa - Vũng Tàu,Châu Đức
Bà Rịa - Vũng Tàu,Bà Rịa - Vũng Tàu,Côn Đảo
Bà Rịa - Vũng Tàu,Bà Rịa - Vũng Tàu,Long Điền
Bà Rịa - Vũng Tàu,Bà Rịa - Vũng Tàu,Tân Thành
Bà Rịa - Vũng Tàu,Bà Rịa - Vũng Tàu,Vũng Tàu
Bà Rịa - Vũng Tàu,Bà Rịa - Vũng Tàu,Xuyên Mộc
Bà Rịa - Vũng Tàu,Bà Rịa - Vũng Tàu,Đất Đỏ
Bắc Giang,Bắc Giang,Bắc Giang
Bắc Giang,Bắc Giang,Hiệp Hòa
Bắc Giang,Bắc Giang,Lạng Giang
Bắc Giang,Bắc Giang,Lục Nam
Bắc Giang,Bắc Giang,Lục Ngạn
Bắc Giang,Bắc Giang,Sơn Động
Bắc Giang,Bắc Giang,Tân Yên
Bắc Giang,Bắc Giang,Việt Yên
Bắc Giang,Bắc Giang,Yên Dũng
Bắc Giang,Bắc Giang,Yên Thế
Bắc Kạn,Bắc Kạn,Ba Bể
Bắc Kạn,Bắc Kạn,Bac Kan
Bắc Kạn,Bắc Kạn,Bạch Thông
Bắc Kạn,Bắc Kạn,Chợ Đồn
Bắc Kạn,Bắc Kạn,Na Ri
Bắc Kạn,Bắc Kạn,Ngân Sơn
Bắc Kạn,Bắc Kạn,Pác Nặm
Bắc Ninh,Bắc Ninh,Bắc Ninh
Bắc Ninh,Bắc Ninh,Gia Bình
Bắc Ninh,Bắc Ninh,Lương Tài
Bắc Ninh,Bắc Ninh,Quế Võ
Bắc Ninh,Bắc Ninh,Thuận Thành
Bắc Ninh,Bắc Ninh,Tiên Du
Bắc Ninh,Bắc Ninh,Từ Sơn
Bắc Ninh,Bắc Ninh,Yên Phong
Bạc Liêu,Bạc Liêu,Bạc Liêu
Bạc Liêu,Bạc Liêu,Giá Rai
Bạc Liêu,Bạc Liêu,Hòa Bình
Bạc Liêu,Bạc Liêu,Hồng Dân
Bạc Liêu,Bạc Liêu,Vĩnh Lợi
Bạc Liêu,Bạc Liêu,Đông Hải
Bến Tre,Bến Tre,Ba Tri
Bến Tre,Bến Tre,Bến Tre
Bến Tre,Bến Tre,Bình Đại
Bến Tre,Bến Tre,Chợ Lách
Bến Tre,Bến Tre,Giồng Trôm
Bến Tre,Bến Tre,Mỏ Cày
Bến Tre,Bến Tre,Thạnh Phú
Bình Dương,Bình Dương,Bến Cát
Bình Dương,Bình Dương,Dau Tieng
Bình Dương,Bình Dương,Di An
Bình Dương,Bình Dương,Phú Giáo
Bình Dương,Bình Dương,Thuận An
Bình Dương,Bình Dương,Thủ Dầu Một
Bình Dương,Bình Dương,Tân Uyên
Bình Phước,Bình Phước,Bu Dop
Bình Phước,Bình Phước,Bình Long
Bình Phước,Bình Phước,Bù Đăng
Bình Phước,Bình Phước,Chơn Thành
Bình Phước,Bình Phước,Dong Xoai
Bình Phước,Bình Phước,Lộc Ninh
Bình Phước,Bình Phước,Phước Long
Bình Phước,Bình Phước,Đồng Phù
Bình Thuận,Bình Thuận,Bắc Bình
Bình Thuận,Bình Thuận,Hàm Thuận Bắc
Bình Thuận,Bình Thuận,Hàm Thuận Nam
Bình Thuận,Bình Thuận,Hàm Tân
Bình Thuận,Bình Thuận,La Gi
Bình Thuận,Bình Thuận,Phan Thiết
Bình Thuận,Bình Thuận,Phú Quý
Bình Thuận,Bình Thuận,Tanh Linh
Bình Thuận,Bình Thuận,Tuy Phong
Bình Thuận,Bình Thuận,Đức Linh
Bình Định,Bình Định,An Nhơn
Bình Định,Bình Định,Hoài Nhơn
Bình Định,Bình Định,Hoài Ân
Bình Định,Bình Định,Phù Cát
Bình Định,Bình Định,Phù Mỹ
Bình Định,Bình Định,Qui Nhơn
Bình Định,Bình Định,Tuy Phước
Bình Định,Bình Định,Tây Sơn
Bình Định,Bình Định,Van Canh
Cao Bằng,Cao Bằng,Bảo Lâm
Cao Bằng,Cao Bằng,Bảo Lạc
Cao Bằng,Cao Bằng,Cao Bằng
Cao Bằng,Cao Bằng,Hoà An
Cao Bằng,Cao Bằng,Hà Quảng
Cao Bằng,Cao Bằng,Hạ Lang
Cao Bằng,Cao Bằng,Nguyên Bình
Cao Bằng,Cao Bằng,Phục Hòa
Cao Bằng,Cao Bằng,Quảng Yên
Cao Bằng,Cao Bằng,Thạch An
Cao Bằng,Cao Bằng,Thông Nông
Cao Bằng,Cao Bằng,Trà Lĩnh
Cao Bằng,Cao Bằng,Trùng Khánh
Cà Mau,Cà Mau,Cái Nước
Cà Mau,Cà Mau,Cà Mau
Cà Mau,Cà Mau,Ngọc Hiển
Cà Mau,Cà Mau,Năm Căn
Cà Mau,Cà Mau,Phú Tân
Cà Mau,Cà Mau,Thới Bình
Cà Mau,Cà Mau,Trần Văn Thời
Cà Mau,Cà Mau,U Minh
Cà Mau,Cà Mau,Đầm Dơi
Cần Thơ,Cần Thơ,Bình Thủy
Cần Thơ,Cần Thơ,Cái Răng
Cần Thơ,Cần Thơ,Cờ Đỏ
Cần Thơ,Cần Thơ,Ninh Kiều
Cần Thơ,Cần Thơ,Phong Điền
Cần Thơ,Cần Thơ,Thốt Nốt
Cần Thơ,Cần Thơ,Vĩnh Thạnh
Cần Thơ,Cần Thơ,Ô Môn
Gia Lai,Gia Lai,An Khê
Gia Lai,Gia Lai,Ayun Pa
Gia Lai,Gia Lai,Chư Prông
Gia Lai,Gia Lai,Chư Păh
Gia Lai,Gia Lai,Chư Sê
Gia Lai,Gia Lai,Ia Grai
Gia Lai,Gia Lai,Ia Pa
Gia Lai,Gia Lai,K'Bang
Gia Lai,Gia Lai,Krông Pa
Gia Lai,Gia Lai,Kông Chro
Gia Lai,Gia Lai,Mang Yang
Gia Lai,Gia Lai,Phú Thiện
Gia Lai,Gia Lai,Pleiku
Gia Lai,Gia Lai,Đắk Pơ
Gia Lai,Gia Lai,Đắk Đoa
Gia Lai,Gia Lai,Đức Cơ
Hà Giang,Hà Giang,Bắc Mê
Hà Giang,Hà Giang,Bắc Quang
Hà Giang,Hà Giang,Hoàng Su Phì
Hà Giang,Hà Giang,Hà Giang
Hà Giang,Hà Giang,Mèo Vạc
Hà Giang,Hà Giang,Quang Bình
Hà Giang,Hà Giang,Quản Bạ
Hà Giang,Hà Giang,Vị Xuyên
Hà Giang,Hà Giang,Xín Mần
Hà Giang,Hà Giang,Yên Minh
Hà Giang,Hà Giang,Đồng Văn
Hà Nam,Hà Nam,Bình Lục
Hà Nam,Hà Nam,Duy Tiên
Hà Nam,Hà Nam,Kim Bảng
Hà Nam,Hà Nam,Lý Nhân
Hà Nam,Hà Nam,Phủ Lý
Hà Nam,Hà Nam,Thanh Liêm
Hà Nội,Hà Nội,Ba Vi
Hà Nội,Hà Nội,Ba Đình
Hà Nội,Hà Nội,Chương Mỹ
Hà Nội,Hà Nội,Cầu Giấy
Hà Nội,Hà Nội,Gia Lâm
Hà Nội,Hà Nội,Hai Bà Trưng
Hà Nội,Hà Nội,Hoài Đức
Hà Nội,Hà Nội,Hoàn Kiếm
Hà Nội,Hà Nội,Hoàng Mai
Hà Nội,Hà Nội,Hà Đông
Hà Nội,Hà Nội,Long Biên
Hà Nội,Hà Nội,Mỹ Đức
Hà Nội,Hà Nội,Phú Xuyên
Hà Nội,Hà Nội,Phúc Thọ
Hà Nội,Hà Nội,Quốc Oai
Hà Nội,Hà Nội,Sóc Sơn
Hà Nội,Hà Nội,Sơn Tây
Hà Nội,Hà Nội,Thanh Oai
Hà Nội,Hà Nội,Thanh Trì
Hà Nội,Hà Nội,Thanh Xuân
Hà Nội,Hà Nội,Thạch Thất
Hà Nội,Hà Nội,Thường Tín
Hà Nội,Hà Nội,Tây Hồ
Hà Nội,Hà Nội,Từ Liêm
Hà Nội,Hà Nội,Đan Phượng
Hà Nội,Hà Nội,Đông Anh
Hà Nội,Hà Nội,Đống Đa
Hà Nội,Hà Nội,Ứng Hoà
Hà Tĩnh,Hà Tĩnh,Can Lộc
Hà Tĩnh,Hà Tĩnh,Cẩm Xuyên
Hà Tĩnh,Hà Tĩnh,Hà Tĩnh
Hà Tĩnh,Hà Tĩnh,Hồng Lĩnh
Hà Tĩnh,Hà Tĩnh,Hương Khê
Hà Tĩnh,Hà Tĩnh,Hương Sơn
Hà Tĩnh,Hà Tĩnh,Kỳ Anh
Hà Tĩnh,Hà Tĩnh,Nghi Xuân
Hà Tĩnh,Hà Tĩnh,Thạch Hà
Hà Tĩnh,Hà Tĩnh,Vũ Quang
Hà Tĩnh,Hà Tĩnh,Đức Thọ
Hải Dương,Hải Dương,Bình Giang
Hải Dương,Hải Dương,Chí Linh
Hải Dương,Hải Dương,Cẩm Giàng
Hải Dương,Hải Dương,Gia Lộc
Hải Dương,Hải Dương,Hải Dương
Hải Dương,Hải Dương,Kim Thành
Hải Dương,Hải Dương,Kinh Môn
Hải Dương,Hải Dương,Nam Sách
Hải Dương,Hải Dương,Ninh Giang
Hải Dương,Hải Dương,Thanh Hà
Hải Dương,Hải Dương,Thanh Miện
Hải Dương,Hải Dương,Tứ Kỳ
Hải Phòng,Hải Phòng,An Dương
Hải Phòng,Hải Phòng,An Lão
Hải Phòng,Hải Phòng,Bach Long Vi
Hải Phòng,Hải Phòng,Cát Hải
Hải Phòng,Hải Phòng,Hải An
Hải Phòng,Hải Phòng,Hồng Bàng
Hải Phòng,Hải Phòng,Kiến An
Hải Phòng,Hải Phòng,Kiến Thụy
Hải Phòng,Hải Phòng,Lê Chân
Hải Phòng,Hải Phòng,Ngô Quyền
Hải Phòng,Hải Phòng,Thủy Nguyên
Hải Phòng,Hải Phòng,Tiên Lãng
Hải Phòng,Hải Phòng,Vĩnh Bảo
Hải Phòng,Hải Phòng,Đồ Sơn
Hậu Giang,Hậu Giang,Châu Thành A
Hậu Giang,Hậu Giang,Phụng Hiệp
Hậu Giang,Hậu Giang,Vị Thanh
Hậu Giang,Hậu Giang,Vị Thuỷ
Hòa Bình,Hòa Bình,Cao Phong
Hòa Bình,Hòa Bình,Kim Bôi
Hòa Bình,Hòa Bình,Kỳ Sơn
Hòa Bình,Hòa Bình,Lạc Sơn
Hòa Bình,Hòa Bình,Lạc Thuỷ
Hòa Bình,Hòa Bình,Lương Sơn
Hòa Bình,Hòa Bình,Mai Châu
Hòa Bình,Hòa Bình,Tân Lạc
Hòa Bình,Hòa Bình,Yên Thuỷ
Hòa Bình,Hòa Bình,Đà Bắc
Hồ Chí Minh,Hồ Chí Minh,Binh Tan
Hồ Chí Minh,Hồ Chí Minh,Bình Chánh
Hồ Chí Minh,Hồ Chí Minh,Bình Thạnh
Hồ Chí Minh,Hồ Chí Minh,Cần Giờ
Hồ Chí Minh,Hồ Chí Minh,Củ Chi
Hồ Chí Minh,Hồ Chí Minh,Gò Vấp
Hồ Chí Minh,Hồ Chí Minh,Hóc Môn
Hồ Chí Minh,Hồ Chí Minh,Nhà Bè
Hồ Chí Minh,Hồ Chí Minh,Phú Nhuận
Hồ Chí Minh,Hồ Chí Minh,Quận 1
Hồ Chí Minh,Hồ Chí Minh,Quận 10
Hồ Chí Minh,Hồ Chí Minh,Quận 11
Hồ Chí Minh,Hồ Chí Minh,Quận 12
Hồ Chí Minh,Hồ Chí Minh,Quận 2
Hồ Chí Minh,Hồ Chí Minh,Quận 3
Hồ Chí Minh,Hồ Chí Minh,Quận 4
Hồ Chí Minh,Hồ Chí Minh,Quận 5
Hồ Chí Minh,Hồ Chí Minh,Quận 6
Hồ Chí Minh,Hồ Chí Minh,Quận 7
Hồ Chí Minh,Hồ Chí Minh,Quận 8
Hồ Chí Minh,Hồ Chí Minh,Quận 9
Hồ Chí Minh,Hồ Chí Minh,Thủ Đức
Hồ Chí Minh,Hồ Chí Minh,Tân Bình
Hưng Yên,Hưng Yên,Hưng Yên
Hưng Yên,Hưng Yên,Khoái Châu
Hưng Yên,Hưng Yên,Kim Động
Hưng Yên,Hưng Yên,Mỹ Hào
Hưng Yên,Hưng Yên,Phù Cừ
Hưng Yên,Hưng Yên,Tiên Lữ
Hưng Yên,Hưng Yên,Văn Giang
Hưng Yên,Hưng Yên,Văn Lâm
Hưng Yên,Hưng Yên,Yên Mỹ
Hưng Yên,Hưng Yên,Ân Thi
Khánh Hòa,Khánh Hòa,Cam Lâm
Khánh Hòa,Khánh Hòa,Cam Ranh
Khánh Hòa,Khánh Hòa,Diên Khánh
Khánh Hòa,Khánh Hòa,Khánh Sơn
Khánh Hòa,Khánh Hòa,Khánh Vĩnh
Khánh Hòa,Khánh Hòa,Nha Trang
Khánh Hòa,Khánh Hòa,Ninh Hòa
Khánh Hòa,Khánh Hòa,Van Ninh
Kiên Giang,Kiên Giang,An Biên
Kiên Giang,Kiên Giang,An Minh
Kiên Giang,Kiên Giang,Giồng Riềng
Kiên Giang,Kiên Giang,Gò Quao
Kiên Giang,Kiên Giang,Hà Tiên
Kiên Giang,Kiên Giang,Hòn Đất
Kiên Giang,Kiên Giang,Kiên Hải
Kiên Giang,Kiên Giang,Kiên Lương
Kiên Giang,Kiên Giang,Phú Quốc
Kiên Giang,Kiên Giang,Rạch Giá
Kiên Giang,Kiên Giang,Tân Hiệp
Kiên Giang,Kiên Giang,U Minh Thượng
Kiên Giang,Kiên Giang,Vĩnh Thuận
Kon Tum,Kon Tum,Kon Plông
Kon Tum,Kon Tum,Kon Rẫy
Kon Tum,Kon Tum,Kon Tum
Kon Tum,Kon Tum,Ngọc Hồi
Kon Tum,Kon Tum,Sa Thầy
Kon Tum,Kon Tum,Tu Mơ Rông
Kon Tum,Kon Tum,Đăk Glei
Kon Tum,Kon Tum,Đăk Hà
Kon Tum,Kon Tum,Đăk Tô
Lai Châu,Lai Châu,Lai Châu
Lai Châu,Lai Châu,Mường Tè
Lai Châu,Lai Châu,Phong Thổ
Lai Châu,Lai Châu,Sìn Hồ
Lai Châu,Lai Châu,Thanh Uyen
Long An,Long An,Bến Lức
Long An,Long An,Cần Giuộc
Long An,Long An,Cần Đước
Long An,Long An,Mộc Hóa
Long An,Long An,Thanh Hóa
Long An,Long An,Thủ Thừa
Long An,Long An,Tân An
Long An,Long An,Tân Hưng
Long An,Long An,Tân Trụ
Long An,Long An,Vĩnh Hưng
Long An,Long An,Đức Huệ
Long An,Long An,Đức Hòa
Lào Cai,Lào Cai,Bát Xát
Lào Cai,Lào Cai,Bắc Hà
Lào Cai,Lào Cai,Bảo Thắng
Lào Cai,Lào Cai,Bảo Yên
Lào Cai,Lào Cai,Lào Cai
Lào Cai,Lào Cai,Mường Khương
Lào Cai,Lào Cai,Sa Pa
Lào Cai,Lào Cai,Si Ma Cai
Lào Cai,Lào Cai,Văn Bàn
Lâm Đồng,Lâm Đồng,Bảo Lộc
Lâm Đồng,Lâm Đồng,Cát Tiên
Lâm Đồng,Lâm Đồng,Di Linh
Lâm Đồng,Lâm Đồng,Lâm Hà
Lâm Đồng,Lâm Đồng,Lạc Dương
Lâm Đồng,Lâm Đồng,Đam Rông
Lâm Đồng,Lâm Đồng,Đà Lạt
Lâm Đồng,Lâm Đồng,Đạ Huoai
Lâm Đồng,Lâm Đồng,Đạ Tẻh
Lâm Đồng,Lâm Đồng,Đơn Dương
Lâm Đồng,Lâm Đồng,Đức Trọng
Lạng Sơn,Lạng Sơn,Bắc Sơn
Lạng Sơn,Lạng Sơn,Bình Gia
Lạng Sơn,Lạng Sơn,Cao Lộc
Lạng Sơn,Lạng Sơn,Chi Lăng
Lạng Sơn,Lạng Sơn,Hữu Lũng
Lạng Sơn,Lạng Sơn,Lạng Sơn
Lạng Sơn,Lạng Sơn,Lộc Bình
Lạng Sơn,Lạng Sơn,Tràng Định
Lạng Sơn,Lạng Sơn,Văn Quan
Lạng Sơn,Lạng Sơn,Vãn Lãng
Lạng Sơn,Lạng Sơn,Đình Lập
Nam Định,Nam Định,Giao Thủy
Nam Định,Nam Định,Hải Hậu
Nam Định,Nam Định,Mỹ Lộc
Nam Định,Nam Định,Nam Trực
Nam Định,Nam Định,Nam Định
Nam Định,Nam Định,Nghĩa Hưng
Nam Định,Nam Định,Trực Ninh
Nam Định,Nam Định,Vụ Bản
Nam Định,Nam Định,Xuân Trường
Nam Định,Nam Định,Ý Yên
Nghệ An,Nghệ An,Anh Sơn
Nghệ An,Nghệ An,Con Cuông
Nghệ An,Nghệ An,Cửa Lò
Nghệ An,Nghệ An,Diễn Châu
Nghệ An,Nghệ An,Hưng Nguyên
Nghệ An,Nghệ An,Nam Đàn
Nghệ An,Nghệ An,Nghi Lộc
Nghệ An,Nghệ An,Nghĩa Đàn
Nghệ An,Nghệ An,Quế Phong
Nghệ An,Nghệ An,Quỳ Châu
Nghệ An,Nghệ An,Quỳ Hợp
Nghệ An,Nghệ An,Quỳnh Lưu
Nghệ An,Nghệ An,Thanh Chương
Nghệ An,Nghệ An,Thái Hòa
Nghệ An,Nghệ An,Tân Kỳ
Nghệ An,Nghệ An,Tương Dương
Nghệ An,Nghệ An,Vinh
Nghệ An,Nghệ An,Yên Thành
Nghệ An,Nghệ An,Đô Lương
Ninh Bình,Ninh Bình,Gia Viễn
Ninh Bình,Ninh Bình,Hoa Lư
Ninh Bình,Ninh Bình,Kim Sơn
Ninh Bình,Ninh Bình,Nho Quan
Ninh Bình,Ninh Bình,Ninh Bình
Ninh Bình,Ninh Bình,Tam Điệp
Ninh Bình,Ninh Bình,Yên Khánh
Ninh Bình,Ninh Bình,Yên Mô
Ninh Thuận,Ninh Thuận,Bác Ái
Ninh Thuận,Ninh Thuận,Ninh Hải
Ninh Thuận,Ninh Thuận,Ninh Phước
Ninh Thuận,Ninh Thuận,Ninh Sơn
Ninh Thuận,Ninh Thuận,Phan Rang-Tháp Chàm
Phú Thọ,Phú Thọ,Cẩm Khê
Phú Thọ,Phú Thọ,Hạ Hoà
Phú Thọ,Phú Thọ,Lâm Thao
Phú Thọ,Phú Thọ,Phú Ninh
Phú Thọ,Phú Thọ,Phú Thọ
Phú Thọ,Phú Thọ,Thanh Ba
Phú Thọ,Phú Thọ,Thanh Sơn
Phú Thọ,Phú Thọ,Thanh Thuỷ
Phú Thọ,Phú Thọ,Việt Trì
Phú Thọ,Phú Thọ,Yên Lập
Phú Thọ,Phú Thọ,Đoan Hùng
Phú Yên,Phú Yên,Phú Hòa
Phú Yên,Phú Yên,Sông Cầu
Phú Yên,Phú Yên,Sông Hinh
Phú Yên,Phú Yên,Sơn Hòa
Phú Yên,Phú Yên,Tuy An
Phú Yên,Phú Yên,Tuy Hoa
Phú Yên,Phú Yên,Đông Hòa
Phú Yên,Phú Yên,Đồng Xuân
Quảng Bình,Quảng Bình,Bố Trạch
Quảng Bình,Quảng Bình,Lệ Thủy
Quảng Bình,Quảng Bình,Minh Hóa
Quảng Bình,Quảng Bình,Quảng Ninh
Quảng Bình,Quảng Bình,Quảng Trạch
Quảng Bình,Quảng Bình,Tuyen Hoa
Quảng Bình,Quảng Bình,Đồng Hới
Quảng Nam,Quảng Nam,Bắc Trà My
Quảng Nam,Quảng Nam,Duy Xuyên
Quảng Nam,Quảng Nam,Hiệp Đức
Quảng Nam,Quảng Nam,Hội An
Quảng Nam,Quảng Nam,Nam Giang
Quảng Nam,Quảng Nam,Nam Trà My
Quảng Nam,Quảng Nam,Núi Thành
Quảng Nam,Quảng Nam,Phước Sơn
Quảng Nam,Quảng Nam,Quế Sơn
Quảng Nam,Quảng Nam,Tam Kỳ
Quảng Nam,Quảng Nam,Tay Giang
Quảng Nam,Quảng Nam,Thăng Bình
Quảng Nam,Quảng Nam,Tiên Phước
Quảng Nam,Quảng Nam,Điện Bàn
Quảng Nam,Quảng Nam,Đại Lộc
Quảng Nam,Quảng Nam,Đông Giang
Quảng Ngãi,Quảng Ngãi,Ba Tơ
Quảng Ngãi,Quảng Ngãi,Bình Sơn
Quảng Ngãi,Quảng Ngãi,Lý Sơn
Quảng Ngãi,Quảng Ngãi,Minh Long
Quảng Ngãi,Quảng Ngãi,Mộ Đức
Quảng Ngãi,Quảng Ngãi,Nghĩa Hành
Quảng Ngãi,Quảng Ngãi,Quảng Ngãi
Quảng Ngãi,Quảng Ngãi,Sơn Hà
Quảng Ngãi,Quảng Ngãi,Sơn Tịnh
Quảng Ngãi,Quảng Ngãi,Trà Bồng
Quảng Ngãi,Quảng Ngãi,Tây Trà
Quảng Ngãi,Quảng Ngãi,Tư Nghĩa
Quảng Ngãi,Quảng Ngãi,Đức Phổ
Quảng Ninh,Quảng Ninh,Ba Chẽ
Quảng Ninh,Quảng Ninh,Bình Liêu
Quảng Ninh,Quảng Ninh,Cẩm Phả
Quảng Ninh,Quảng Ninh,Cô Tô
Quảng Ninh,Quảng Ninh,Hoành Bồ
Quảng Ninh,Quảng Ninh,Hải Hà
Quảng Ninh,Quảng Ninh,Hạ Long
Quảng Ninh,Quảng Ninh,Móng Cái
Quảng Ninh,Quảng Ninh,Tiên Yên
Quảng Ninh,Quảng Ninh,Uông Bí
Quảng Ninh,Quảng Ninh,Vân Đồn
Quảng Ninh,Quảng Ninh,Yên Hưng
Quảng Ninh,Quảng Ninh,Đầm Hà
Quảng Ninh,Quảng Ninh,Đông Triều
Quảng Trị,Quảng Trị,Cam Lộ
Quảng Trị,Quảng Trị,Cồn Cỏ
Quảng Trị,Quảng Trị,Gio Linh
Quảng Trị,Quảng Trị,Hải Lăng
Quảng Trị,Quảng Trị,Hướng Hóa
Quảng Trị,Quảng Trị,Quảng Trị
Quảng Trị,Quảng Trị,Triệu Phong
Quảng Trị,Quảng Trị,Vĩnh Linh
Quảng Trị,Quảng Trị,Đa Krông
Quảng Trị,Quảng Trị,Đông Hà
Sóc Trăng,Sóc Trăng,Cù Lao Dung
Sóc Trăng,Sóc Trăng,Kế Sách
Sóc Trăng,Sóc Trăng,Long My
Sóc Trăng,Sóc Trăng,Long Phú
Sóc Trăng,Sóc Trăng,Mỹ Tú
Sóc Trăng,Sóc Trăng,Mỹ Xuyên
Sóc Trăng,Sóc Trăng,Ngã Năm
Sóc Trăng,Sóc Trăng,Vĩnh Châu
Sơn La,Sơn La,Bắc Yên
Sơn La,Sơn La,Mai Sơn
Sơn La,Sơn La,Mộc Châu
Sơn La,Sơn La,Mường La
Sơn La,Sơn La,Phù Yên
Sơn La,Sơn La,Quỳnh Nhai
Sơn La,Sơn La,Sông Mã
Sơn La,Sơn La,Sốp Cộp
Sơn La,Sơn La,Sơn La
Sơn La,Sơn La,Thuận Châu
Sơn La,Sơn La,Yên Châu
Thanh Hóa,Thanh Hóa,Bim Son
Thanh Hóa,Thanh Hóa,Bá Thước
Thanh Hóa,Thanh Hóa,Cẩm Thủy
Thanh Hóa,Thanh Hóa,Hoằng Hóa
Thanh Hóa,Thanh Hóa,Hà Trung
Thanh Hóa,Thanh Hóa,Hậu Lộc
Thanh Hóa,Thanh Hóa,Lang Chánh
Thanh Hóa,Thanh Hóa,Mường Lát
Thanh Hóa,Thanh Hóa,Nga Sơn
Thanh Hóa,Thanh Hóa,Ngọc Lạc
Thanh Hóa,Thanh Hóa,Như Thanh
Thanh Hóa,Thanh Hóa,Như Xuân
Thanh Hóa,Thanh Hóa,Nông Cống
Thanh Hóa,Thanh Hóa,Quan Hóa
Thanh Hóa,Thanh Hóa,Quan Sơn
Thanh Hóa,Thanh Hóa,Quảng Xương
Thanh Hóa,Thanh Hóa,Sầm Sơn
Thanh Hóa,Thanh Hóa,Thanh Hóa City
Thanh Hóa,Thanh Hóa,Thiệu Hóa
Thanh Hóa,Thanh Hóa,Thạch Thành
Thanh Hóa,Thanh Hóa,Thọ Xuân
Thanh Hóa,Thanh Hóa,Thường Xuân
Thanh Hóa,Thanh Hóa,Triệu Sơn
Thanh Hóa,Thanh Hóa,Tĩnh Gia
Thanh Hóa,Thanh Hóa,Vĩnh Lộc
Thanh Hóa,Thanh Hóa,Yên Định
Thanh Hóa,Thanh Hóa,Đông Sơn
Thái Bình,Thái Bình,Hưng Hà
Thái Bình,Thái Bình,Kiến Xương
Thái Bình,Thái Bình,Quỳnh Phụ
Thái Bình,Thái Bình,Thái Bình
Thái Bình,Thái Bình,Thái Thụy
Thái Bình,Thái Bình,Tiền Hải
Thái Bình,Thái Bình,Vũ Thư
Thái Bình,Thái Bình,Đông Hưng
Thái Nguyên,Thái Nguyên,Phổ Yên
Thái Nguyên,Thái Nguyên,Phú Bình
Thái Nguyên,Thái Nguyên,Phú Lương
Thái Nguyên,Thái Nguyên,Sông Công
Thái Nguyên,Thái Nguyên,Thái Nguyên
Thái Nguyên,Thái Nguyên,Võ Nhai
Thái Nguyên,Thái Nguyên,Đại Từ
Thái Nguyên,Thái Nguyên,Định Hoá
Thái Nguyên,Thái Nguyên,Đồng Hỷ
Thừa Thiên - Huế,Thừa Thiên - Huế,A Lưới
Thừa Thiên - Huế,Thừa Thiên - Huế,Huế
Thừa Thiên - Huế,Thừa Thiên - Huế,Hương Thủy
Thừa Thiên - Huế,Thừa Thiên - Huế,Hương Trà
Thừa Thiên - Huế,Thừa Thiên - Huế,Nam Đông
Thừa Thiên - Huế,Thừa Thiên - Huế,Phú Lộc
Thừa Thiên - Huế,Thừa Thiên - Huế,Phú Vang
Thừa Thiên - Huế,Thừa Thiên - Huế,Quảng Điền
Tiền Giang,Tiền Giang,Cai Lậy
Tiền Giang,Tiền Giang,Chợ Gạo
Tiền Giang,Tiền Giang,Cái Bè
Tiền Giang,Tiền Giang,Go Cong
Tiền Giang,Tiền Giang,Gò Công Tây
Tiền Giang,Tiền Giang,Gò Công Đông
Tiền Giang,Tiền Giang,Mỹ Tho
Tiền Giang,Tiền Giang,Tân Phú Đông
Tiền Giang,Tiền Giang,Tân Phước
Trà Vinh,Trà Vinh,Càng Long
Trà Vinh,Trà Vinh,Cầu Kè
Trà Vinh,Trà Vinh,Cầu Ngang
Trà Vinh,Trà Vinh,Duyên Hải
Trà Vinh,Trà Vinh,Tiểu Cần
Trà Vinh,Trà Vinh,Trà Cú
Trà Vinh,Trà Vinh,Trà Vinh
Tuyên Quang,Tuyên Quang,Chiêm Hoá
Tuyên Quang,Tuyên Quang,Hàm Yên
Tuyên Quang,Tuyên Quang,Nà Hang
Tuyên Quang,Tuyên Quang,Sơn Dương
Tuyên Quang,Tuyên Quang,Tuyên Quang
Tuyên Quang,Tuyên Quang,Yên Sơn
Tây Ninh,Tây Ninh,Bến Cầu
Tây Ninh,Tây Ninh,Châu Thành
Tây Ninh,Tây Ninh,Dương Minh Châu
Tây Ninh,Tây Ninh,Gò Dầu
Tây Ninh,Tây Ninh,Hòa Thành
Tây Ninh,Tây Ninh,Trảng Bàng
Tây Ninh,Tây Ninh,Tân Biên
Tây Ninh,Tây Ninh,Tân Châu
Tây Ninh,Tây Ninh,Tây Ninh
Vĩnh Long,Vĩnh Long,Bình Minh
Vĩnh Long,Vĩnh Long,Long Hồ
Vĩnh Long,Vĩnh Long,Mang Thít
Vĩnh Long,Vĩnh Long,Tam Bình
Vĩnh Long,Vĩnh Long,Trà Ôn
Vĩnh Long,Vĩnh Long,Vĩnh Long
Vĩnh Long,Vĩnh Long,Vũng Liêm
Vĩnh Phúc,Vĩnh Phúc,Bình Xuyên
Vĩnh Phúc,Vĩnh Phúc,Lập Thạch
Vĩnh Phúc,Vĩnh Phúc,Mê Linh
Vĩnh Phúc,Vĩnh Phúc,Phúc Yên
Vĩnh Phúc,Vĩnh Phúc,Tam Dao
Vĩnh Phúc,Vĩnh Phúc,Tam Đảo
Vĩnh Phúc,Vĩnh Phúc,Tam Đường
Vĩnh Phúc,Vĩnh Phúc,Vĩnh Tường
Vĩnh Phúc,Vĩnh Phúc,Vĩnh Yên
Vĩnh Phúc,Vĩnh Phúc,Yên Lạc
Yên Bái,Yên Bái,Lục Yên
Yên Bái,Yên Bái,Mù Căng Trai
Yên Bái,Yên Bái,Nghĩa Lộ
Yên Bái,Yên Bái,Trấn Yên
Yên Bái,Yên Bái,Trạm Tấu
Yên Bái,Yên Bái,Văn Chấn
Yên Bái,Yên Bái,Văn Yên
Yên Bái,Yên Bái,Yên Bái
Yên Bái,Yên Bái,Yên Bình
Điện Biên,Điện Biên,Mường Chà
Điện Biên,Điện Biên,Mường Lay
Điện Biên,Điện Biên,Mường Nhé
Điện Biên,Điện Biên,Tuần Giáo
Điện Biên,Điện Biên,Tủa Chùa
Điện Biên,Điện Biên,Điên Biên Phủ
Điện Biên,Điện Biên,Điện Biên
Điện Biên,Điện Biên,Điện Biên Đông
Đà Nẵng,Đà Nẵng,Cẩm Lệ
Đà Nẵng,Đà Nẵng,Hoà Vang
Đà Nẵng,Đà Nẵng,Hải Châu
Đà Nẵng,Đà Nẵng,Liên Chiểu
Đà Nẵng,Đà Nẵng,Ngũ Hành Sơn
Đà Nẵng,Đà Nẵng,Sơn Trà
Đà Nẵng,Đà Nẵng,Thanh Khê
Đắk Lắk,Đắk Lắk,Buon Ma Thuot
Đắk Lắk,Đắk Lắk,Buôn Đôn
Đắk Lắk,Đắk Lắk,Cư M'gar
Đắk Lắk,Đắk Lắk,Ea H'leo
Đắk Lắk,Đắk Lắk,Ea Kar
Đắk Lắk,Đắk Lắk,Ea Súp
Đắk Lắk,Đắk Lắk,Krông Ana
Đắk Lắk,Đắk Lắk,Krông Buk
Đắk Lắk,Đắk Lắk,Krông Bông
Đắk Lắk,Đắk Lắk,Krông Năng
Đắk Lắk,Đắk Lắk,Krông Pắk
Đắk Lắk,Đắk Lắk,Lăk
Đắk Lắk,Đắk Lắk,M'Đrăk
Đắk Nông,Đắk Nông,Cư Jút
Đắk Nông,Đắk Nông,Dak Song
Đắk Nông,Đắk Nông,Krông Nô
Đắk Nông,Đắk Nông,Tuy Đức
Đắk Nông,Đắk Nông,Đăk Glong
Đắk Nông,Đắk Nông,Đăk Mil
Đắk Nông,Đắk Nông,Đăk R'Lấp
Đồng Nai,Đồng Nai,Bien Hoa
Đồng Nai,Đồng Nai,Cẩm Mỹ
Đồng Nai,Đồng Nai,Long Khánh
Đồng Nai,Đồng Nai,Long Thành
Đồng Nai,Đồng Nai,Nhơn Trạch
Đồng Nai,Đồng Nai,Thống Nhất
Đồng Nai,Đồng Nai,Trảng Bom
Đồng Nai,Đồng Nai,Tân Phú
Đồng Nai,Đồng Nai,Vĩnh Cửu
Đồng Nai,Đồng Nai,Xuân Lộc
Đồng Nai,Đồng Nai,Định Quán
Đồng Tháp,Đồng Tháp,Cao Lãnh
Đồng Tháp,Đồng Tháp,Hồng Ngự
Đồng Tháp,Đồng Tháp,Lai Vung
Đồng Tháp,Đồng Tháp,Lấp Vò
Đồng Tháp,Đồng Tháp,Sa Đéc
Đồng Tháp,Đồng Tháp,Tam Nông
Đồng Tháp,Đồng Tháp,Thanh Bình
Đồng Tháp,Đồng Tháp,Tháp Mười
Đồng Tháp,Đồng Tháp,Tân Hồng
