province,provinceCode,city,link
Roraima,RR,Boa Vista,/zh-hans/locality/Boa_Vista%2CRR
Paraíba,PB,Bayeux,/zh-hans/locality/Bayeux%2CPB
Paraíba,PB,Campina Grande,/zh-hans/locality/Campina_Grande%2CPB
Paraíba,PB,Joao Pessoa,/zh-hans/locality/Joao_Pessoa%2CPB
Paraíba,PB,Patos,/zh-hans/locality/Patos%2CPB
Paraíba,PB,Santa Rita,/zh-hans/locality/Santa_Rita%2CPB
Paraíba,PB,Sousa,/zh-hans/locality/Sousa%2CPB
Sergipe,SE,Aracaju,/zh-hans/locality/Aracaju%2CSE
Rio de Janeiro,RJ,Barra do Pirai,/zh-hans/locality/Barra_do_Pirai%2CRJ
Rio de Janeiro,RJ,Barra Mansa,/zh-hans/locality/Barra_Mansa%2CRJ
Rio de Janeiro,RJ,Belford Roxo,/zh-hans/locality/Belford_Roxo%2CRJ
Rio de Janeiro,RJ,Cabo Frio,/zh-hans/locality/Cabo_Frio%2CRJ
Rio de Janeiro,RJ,Campos dos Goytacazes,/zh-hans/locality/Campos_dos_Goytacazes%2CRJ
Rio de Janeiro,RJ,Duque de Caxias,/zh-hans/locality/Duque_de_Caxias%2CRJ
Rio de Janeiro,RJ,Itaguai,/zh-hans/locality/Itaguai%2CRJ
Rio de Janeiro,RJ,Japeri,/zh-hans/locality/Japeri%2CRJ
Rio de Janeiro,RJ,Macae,/zh-hans/locality/Macae%2CRJ
Rio de Janeiro,RJ,Nilopolis,/zh-hans/locality/Nilopolis%2CRJ
Rio de Janeiro,RJ,Niteroi,/zh-hans/locality/Niteroi%2CRJ
Rio de Janeiro,RJ,Nova Friburgo,/zh-hans/locality/Nova_Friburgo%2CRJ
Rio de Janeiro,RJ,Nova Iguacu,/zh-hans/locality/Nova_Iguacu%2CRJ
Rio de Janeiro,RJ,Petropolis,/zh-hans/locality/Petropolis%2CRJ
Rio de Janeiro,RJ,Quatis,/zh-hans/locality/Quatis%2CRJ
Rio de Janeiro,RJ,Queimados,/zh-hans/locality/Queimados%2CRJ
Rio de Janeiro,RJ,Resende,/zh-hans/locality/Resende%2CRJ
Rio de Janeiro,RJ,Rio de Janeiro,/zh-hans/locality/Rio_de_Janeiro%2CRJ
Rio de Janeiro,RJ,Sao Goncalo,/zh-hans/locality/Sao_Goncalo%2CRJ
Rio de Janeiro,RJ,Sao Joao de Meriti,/zh-hans/locality/Sao_Joao_de_Meriti%2CRJ
Rondônia,RO,Ariquemes,/zh-hans/locality/Ariquemes%2CRO
Rondônia,RO,Cacoal,/zh-hans/locality/Cacoal%2CRO
Rondônia,RO,Ji-parana,/zh-hans/locality/Ji-parana%2CRO
Rondônia,RO,Porto Velho,/zh-hans/locality/Porto_Velho%2CRO
Amazonas,AM,Manaus,/zh-hans/locality/Manaus%2CAM
Amazonas,AM,Parintins,/zh-hans/locality/Parintins%2CAM
Piauí,PI,Parnaiba,/zh-hans/locality/Parnaiba%2CPI
Piauí,PI,Teresina,/zh-hans/locality/Teresina%2CPI
Paraná,PR,Almirante Tamandare,/zh-hans/locality/Almirante_Tamandare%2CPR
Paraná,PR,Apucarana,/zh-hans/locality/Apucarana%2CPR
Paraná,PR,Arapongas,/zh-hans/locality/Arapongas%2CPR
Paraná,PR,Araucaria,/zh-hans/locality/Araucaria%2CPR
Paraná,PR,Cambe,/zh-hans/locality/Cambe%2CPR
Paraná,PR,Campo Largo,/zh-hans/locality/Campo_Largo%2CPR
Paraná,PR,Campo Mourao,/zh-hans/locality/Campo_Mourao%2CPR
Paraná,PR,Cascavel,/zh-hans/locality/Cascavel%2CPR
Paraná,PR,Castro,/zh-hans/locality/Castro%2CPR
Paraná,PR,Colombo,/zh-hans/locality/Colombo%2CPR
Paraná,PR,Curitiba,/zh-hans/locality/Curitiba%2CPR
Paraná,PR,Foz do Iguacu,/zh-hans/locality/Foz_do_Iguacu%2CPR
Paraná,PR,Francisco Beltrao,/zh-hans/locality/Francisco_Beltrao%2CPR
Paraná,PR,Guarapuava,/zh-hans/locality/Guarapuava%2CPR
Paraná,PR,Laranjeiras do Sul,/zh-hans/locality/Laranjeiras_do_Sul%2CPR
Paraná,PR,Londrina,/zh-hans/locality/Londrina%2CPR
Paraná,PR,Maringa,/zh-hans/locality/Maringa%2CPR
Paraná,PR,Paranagua,/zh-hans/locality/Paranagua%2CPR
Paraná,PR,Paranavai,/zh-hans/locality/Paranavai%2CPR
Paraná,PR,Pato Branco,/zh-hans/locality/Pato_Branco%2CPR
Ceará,CE,Caucaia,/zh-hans/locality/Caucaia%2CCE
Ceará,CE,Crato,/zh-hans/locality/Crato%2CCE
Ceará,CE,Fortaleza,/zh-hans/locality/Fortaleza%2CCE
Ceará,CE,Juazeiro do Norte,/zh-hans/locality/Juazeiro_do_Norte%2CCE
Ceará,CE,Maracanau,/zh-hans/locality/Maracanau%2CCE
Ceará,CE,Sobral,/zh-hans/locality/Sobral%2CCE
Rio de Janeiro,RJ,Teresopolis,/zh-hans/locality/Teresopolis%2CRJ
Rio de Janeiro,RJ,Tres Rios,/zh-hans/locality/Tres_Rios%2CRJ
Rio de Janeiro,RJ,Volta Redonda,/zh-hans/locality/Volta_Redonda%2CRJ
Maranhão,MA,Caxias,/zh-hans/locality/Caxias%2CMA
Maranhão,MA,Imperatriz,/zh-hans/locality/Imperatriz%2CMA
Maranhão,MA,Sao Luis,/zh-hans/locality/Sao_Luis%2CMA
Maranhão,MA,Timon,/zh-hans/locality/Timon%2CMA
Tocantins,TO,Araguaina,/zh-hans/locality/Araguaina%2CTO
Tocantins,TO,Gurupi,/zh-hans/locality/Gurupi%2CTO
Tocantins,TO,Palmas,/zh-hans/locality/Palmas%2CTO
Paraná,PR,Pinhais,/zh-hans/locality/Pinhais%2CPR
Paraná,PR,Piraquara,/zh-hans/locality/Piraquara%2CPR
Paraná,PR,Ponta Grossa,/zh-hans/locality/Ponta_Grossa%2CPR
Paraná,PR,Sao Jose dos Pinhais,/zh-hans/locality/Sao_Jose_dos_Pinhais%2CPR
Paraná,PR,Sarandi,/zh-hans/locality/Sarandi%2CPR
Paraná,PR,Telemaco Borba,/zh-hans/locality/Telemaco_Borba%2CPR
Paraná,PR,Toledo,/zh-hans/locality/Toledo%2CPR
Paraná,PR,Umuarama,/zh-hans/locality/Umuarama%2CPR
Pernambuco,PE,Abreu e Lima,/zh-hans/locality/Abreu_e_Lima%2CPE
Pernambuco,PE,Arcoverde,/zh-hans/locality/Arcoverde%2CPE
Pernambuco,PE,Cabo,/zh-hans/locality/Cabo%2CPE
Pernambuco,PE,Camaragibe,/zh-hans/locality/Camaragibe%2CPE
Pernambuco,PE,Carpina,/zh-hans/locality/Carpina%2CPE
Pernambuco,PE,Caruaru,/zh-hans/locality/Caruaru%2CPE
Pernambuco,PE,Garanhuns,/zh-hans/locality/Garanhuns%2CPE
Pernambuco,PE,Gravata,/zh-hans/locality/Gravata%2CPE
Pernambuco,PE,Igarassu,/zh-hans/locality/Igarassu%2CPE
Pernambuco,PE,Jaboatao dos Guararapes,/zh-hans/locality/Jaboatao_dos_Guararapes%2CPE
Pernambuco,PE,Olinda,/zh-hans/locality/Olinda%2CPE
Pernambuco,PE,Paulista,/zh-hans/locality/Paulista%2CPE
Pernambuco,PE,Petrolina,/zh-hans/locality/Petrolina%2CPE
Pernambuco,PE,Recife,/zh-hans/locality/Recife%2CPE
Pernambuco,PE,Sao Lourenco da Mata,/zh-hans/locality/Sao_Lourenco_da_Mata%2CPE
Pernambuco,PE,Serra Talhada,/zh-hans/locality/Serra_Talhada%2CPE
Pernambuco,PE,Vitoria de Santo Antao,/zh-hans/locality/Vitoria_de_Santo_Antao%2CPE
Amapá,AP,Macapa,/zh-hans/locality/Macapa%2CAP
Rio Grande do Sul,RS,Alegrete,/zh-hans/locality/Alegrete%2CRS
Rio Grande do Sul,RS,Alvorada,/zh-hans/locality/Alvorada%2CRS
Rio Grande do Sul,RS,Bage,/zh-hans/locality/Bage%2CRS
Rio Grande do Sul,RS,Cachoeira do Sul,/zh-hans/locality/Cachoeira_do_Sul%2CRS
Rio Grande do Sul,RS,Cachoeirinha,/zh-hans/locality/Cachoeirinha%2CRS
Rio Grande do Sul,RS,Canoas,/zh-hans/locality/Canoas%2CRS
Rio Grande do Sul,RS,Caxias do Sul,/zh-hans/locality/Caxias_do_Sul%2CRS
Rio Grande do Sul,RS,Cruz Alta,/zh-hans/locality/Cruz_Alta%2CRS
Rio Grande do Sul,RS,Esteio,/zh-hans/locality/Esteio%2CRS
Rio Grande do Sul,RS,Gravatai,/zh-hans/locality/Gravatai%2CRS
Rio Grande do Sul,RS,Novo Hamburgo,/zh-hans/locality/Novo_Hamburgo%2CRS
Rio Grande do Sul,RS,Passo Fundo,/zh-hans/locality/Passo_Fundo%2CRS
Rio Grande do Sul,RS,Pelotas,/zh-hans/locality/Pelotas%2CRS
Rio Grande do Sul,RS,Porto Alegre,/zh-hans/locality/Porto_Alegre%2CRS
Rio Grande do Sul,RS,Rio Grande,/zh-hans/locality/Rio_Grande%2CRS
Rio Grande do Sul,RS,Santa Cruz do Sul,/zh-hans/locality/Santa_Cruz_do_Sul%2CRS
Rio Grande do Sul,RS,Santa Maria,/zh-hans/locality/Santa_Maria%2CRS
Rio Grande do Sul,RS,Santana do Livramento,/zh-hans/locality/Santana_do_Livramento%2CRS
Rio Grande do Sul,RS,Santo Angelo,/zh-hans/locality/Santo_Angelo%2CRS
Rio Grande do Sul,RS,Sao Leopoldo,/zh-hans/locality/Sao_Leopoldo%2CRS
Pará,PA,Altamira,/zh-hans/locality/Altamira%2CPA
Pará,PA,Ananindeua,/zh-hans/locality/Ananindeua%2CPA
Pará,PA,Belem,/zh-hans/locality/Belem%2CPA
Pará,PA,Capanema,/zh-hans/locality/Capanema%2CPA
Pará,PA,Castanhal,/zh-hans/locality/Castanhal%2CPA
Pará,PA,Itaituba,/zh-hans/locality/Itaituba%2CPA
Pará,PA,Maraba,/zh-hans/locality/Maraba%2CPA
Pará,PA,Paragominas,/zh-hans/locality/Paragominas%2CPA
Pará,PA,Redencao,/zh-hans/locality/Redencao%2CPA
Pará,PA,Santarem,/zh-hans/locality/Santarem%2CPA
Pará,PA,Tucurui,/zh-hans/locality/Tucurui%2CPA
Pará,PA,Xinguara,/zh-hans/locality/Xinguara%2CPA
Espírito Santo,ES,Cachoeiro de Itapemirim,/zh-hans/locality/Cachoeiro_de_Itapemirim%2CES
Espírito Santo,ES,Cariacica,/zh-hans/locality/Cariacica%2CES
Espírito Santo,ES,Colatina,/zh-hans/locality/Colatina%2CES
Espírito Santo,ES,Guarapari,/zh-hans/locality/Guarapari%2CES
Espírito Santo,ES,Linhares,/zh-hans/locality/Linhares%2CES
Espírito Santo,ES,Serra,/zh-hans/locality/Serra%2CES
Espírito Santo,ES,Vila Velha,/zh-hans/locality/Vila_Velha%2CES
Espírito Santo,ES,Vitoria,/zh-hans/locality/Vitoria%2CES
São Paulo,SP,Americana,/zh-hans/locality/Americana%2CSP
São Paulo,SP,Amparo,/zh-hans/locality/Amparo%2CSP
São Paulo,SP,Andradina,/zh-hans/locality/Andradina%2CSP
São Paulo,SP,Aracatuba,/zh-hans/locality/Aracatuba%2CSP
São Paulo,SP,Araraquara,/zh-hans/locality/Araraquara%2CSP
São Paulo,SP,Araras,/zh-hans/locality/Araras%2CSP
São Paulo,SP,Assis,/zh-hans/locality/Assis%2CSP
São Paulo,SP,Atibaia,/zh-hans/locality/Atibaia%2CSP
São Paulo,SP,Avare,/zh-hans/locality/Avare%2CSP
São Paulo,SP,Barretos,/zh-hans/locality/Barretos%2CSP
São Paulo,SP,Barueri,/zh-hans/locality/Barueri%2CSP
São Paulo,SP,Bauru,/zh-hans/locality/Bauru%2CSP
São Paulo,SP,Bebedouro,/zh-hans/locality/Bebedouro%2CSP
São Paulo,SP,Birigui,/zh-hans/locality/Birigui%2CSP
São Paulo,SP,Botucatu,/zh-hans/locality/Botucatu%2CSP
São Paulo,SP,Braganca Paulista,/zh-hans/locality/Braganca_Paulista%2CSP
São Paulo,SP,Cacapava,/zh-hans/locality/Cacapava%2CSP
São Paulo,SP,Campinas,/zh-hans/locality/Campinas%2CSP
São Paulo,SP,Campo Limpo Paulista,/zh-hans/locality/Campo_Limpo_Paulista%2CSP
São Paulo,SP,Capao Bonito,/zh-hans/locality/Capao_Bonito%2CSP
Santa Catarina,SC,Blumenau,/zh-hans/locality/Blumenau%2CSC
Santa Catarina,SC,Brusque,/zh-hans/locality/Brusque%2CSC
Santa Catarina,SC,Chapeco,/zh-hans/locality/Chapeco%2CSC
Santa Catarina,SC,Criciuma,/zh-hans/locality/Criciuma%2CSC
Santa Catarina,SC,Florianopolis,/zh-hans/locality/Florianopolis%2CSC
Santa Catarina,SC,Itajai,/zh-hans/locality/Itajai%2CSC
Santa Catarina,SC,Jaragua do Sul,/zh-hans/locality/Jaragua_do_Sul%2CSC
Santa Catarina,SC,Joinville,/zh-hans/locality/Joinville%2CSC
Santa Catarina,SC,Lages,/zh-hans/locality/Lages%2CSC
Santa Catarina,SC,Palhoca,/zh-hans/locality/Palhoca%2CSC
Santa Catarina,SC,Sao Jose,/zh-hans/locality/Sao_Jose%2CSC
Santa Catarina,SC,Tubarao,/zh-hans/locality/Tubarao%2CSC
Rio Grande do Norte,RN,Mossoro,/zh-hans/locality/Mossoro%2CRN
Rio Grande do Norte,RN,Natal,/zh-hans/locality/Natal%2CRN
Rio Grande do Sul,RS,Sapucaia do Sul,/zh-hans/locality/Sapucaia_do_Sul%2CRS
Rio Grande do Sul,RS,Uruguaiana,/zh-hans/locality/Uruguaiana%2CRS
Rio Grande do Sul,RS,Viamao,/zh-hans/locality/Viamao%2CRS
Acre,AC,Rio Branco,/zh-hans/locality/Rio_Branco%2CAC
Distrito Federal,DF,Brasilia,/zh-hans/locality/Brasilia%2CDF
Distrito Federal,DF,Brazlandia,/zh-hans/locality/Brazlandia%2CDF
Distrito Federal,DF,Candangolandia,/zh-hans/locality/Candangolandia%2CDF
Distrito Federal,DF,Ceilandia,/zh-hans/locality/Ceilandia%2CDF
Distrito Federal,DF,Cruzeiro,/zh-hans/locality/Cruzeiro%2CDF
Distrito Federal,DF,Gama,/zh-hans/locality/Gama%2CDF
Distrito Federal,DF,Guara,/zh-hans/locality/Guara%2CDF
Distrito Federal,DF,Lago Norte,/zh-hans/locality/Lago_Norte%2CDF
Distrito Federal,DF,Lago Sul,/zh-hans/locality/Lago_Sul%2CDF
Distrito Federal,DF,Nucleo Bandeirante,/zh-hans/locality/Nucleo_Bandeirante%2CDF
Distrito Federal,DF,Paranoa,/zh-hans/locality/Paranoa%2CDF
Distrito Federal,DF,Planaltina,/zh-hans/locality/Planaltina%2CDF
Distrito Federal,DF,Recanto das Emas,/zh-hans/locality/Recanto_das_Emas%2CDF
Distrito Federal,DF,Riacho Fundo,/zh-hans/locality/Riacho_Fundo%2CDF
Distrito Federal,DF,Samambaia,/zh-hans/locality/Samambaia%2CDF
Distrito Federal,DF,Santa Maria,/zh-hans/locality/Santa_Maria%2CDF
Distrito Federal,DF,Sao Sebastiao,/zh-hans/locality/Sao_Sebastiao%2CDF
Distrito Federal,DF,Sobradinho,/zh-hans/locality/Sobradinho%2CDF
Distrito Federal,DF,Taguatinga,/zh-hans/locality/Taguatinga%2CDF
São Paulo,SP,Caraguatatuba,/zh-hans/locality/Caraguatatuba%2CSP
São Paulo,SP,Carapicuiba,/zh-hans/locality/Carapicuiba%2CSP
São Paulo,SP,Catanduva,/zh-hans/locality/Catanduva%2CSP
São Paulo,SP,Cotia,/zh-hans/locality/Cotia%2CSP
São Paulo,SP,Cruzeiro,/zh-hans/locality/Cruzeiro%2CSP
São Paulo,SP,Cubatao,/zh-hans/locality/Cubatao%2CSP
São Paulo,SP,Diadema,/zh-hans/locality/Diadema%2CSP
São Paulo,SP,Embu,/zh-hans/locality/Embu%2CSP
São Paulo,SP,Ferraz de Vasconcelos,/zh-hans/locality/Ferraz_de_Vasconcelos%2CSP
São Paulo,SP,Franca,/zh-hans/locality/Franca%2CSP
São Paulo,SP,Francisco Morato,/zh-hans/locality/Francisco_Morato%2CSP
São Paulo,SP,Franco da Rocha,/zh-hans/locality/Franco_da_Rocha%2CSP
São Paulo,SP,Guaratingueta,/zh-hans/locality/Guaratingueta%2CSP
São Paulo,SP,Guaruja,/zh-hans/locality/Guaruja%2CSP
São Paulo,SP,Guarulhos,/zh-hans/locality/Guarulhos%2CSP
São Paulo,SP,Hortolandia,/zh-hans/locality/Hortolandia%2CSP
São Paulo,SP,Indaiatuba,/zh-hans/locality/Indaiatuba%2CSP
São Paulo,SP,Itapecerica da Serra,/zh-hans/locality/Itapecerica_da_Serra%2CSP
São Paulo,SP,Itapetininga,/zh-hans/locality/Itapetininga%2CSP
São Paulo,SP,Itapeva,/zh-hans/locality/Itapeva%2CSP
Minas Gerais,MG,Araguari,/zh-hans/locality/Araguari%2CMG
Minas Gerais,MG,Araxa,/zh-hans/locality/Araxa%2CMG
Minas Gerais,MG,Barbacena,/zh-hans/locality/Barbacena%2CMG
Minas Gerais,MG,Belo Horizonte,/zh-hans/locality/Belo_Horizonte%2CMG
Minas Gerais,MG,Betim,/zh-hans/locality/Betim%2CMG
Minas Gerais,MG,Caratinga,/zh-hans/locality/Caratinga%2CMG
Minas Gerais,MG,Cataguases,/zh-hans/locality/Cataguases%2CMG
Minas Gerais,MG,Contagem,/zh-hans/locality/Contagem%2CMG
Minas Gerais,MG,Coronel Fabriciano,/zh-hans/locality/Coronel_Fabriciano%2CMG
Minas Gerais,MG,Divinopolis,/zh-hans/locality/Divinopolis%2CMG
Minas Gerais,MG,Governador Valadares,/zh-hans/locality/Governador_Valadares%2CMG
Minas Gerais,MG,Ipatinga,/zh-hans/locality/Ipatinga%2CMG
Minas Gerais,MG,Itabira,/zh-hans/locality/Itabira%2CMG
Minas Gerais,MG,Itajuba,/zh-hans/locality/Itajuba%2CMG
Minas Gerais,MG,Itauna,/zh-hans/locality/Itauna%2CMG
Minas Gerais,MG,Ituiutaba,/zh-hans/locality/Ituiutaba%2CMG
Minas Gerais,MG,Joao Monlevade,/zh-hans/locality/Joao_Monlevade%2CMG
Minas Gerais,MG,Juiz de Fora,/zh-hans/locality/Juiz_de_Fora%2CMG
Minas Gerais,MG,Montes Claros,/zh-hans/locality/Montes_Claros%2CMG
Minas Gerais,MG,Para de Minas,/zh-hans/locality/Para_de_Minas%2CMG
São Paulo,SP,Itapevi,/zh-hans/locality/Itapevi%2CSP
São Paulo,SP,Itapira,/zh-hans/locality/Itapira%2CSP
São Paulo,SP,Itaquaquecetuba,/zh-hans/locality/Itaquaquecetuba%2CSP
São Paulo,SP,Itatiba,/zh-hans/locality/Itatiba%2CSP
São Paulo,SP,Itu,/zh-hans/locality/Itu%2CSP
São Paulo,SP,Jaboticabal,/zh-hans/locality/Jaboticabal%2CSP
São Paulo,SP,Jacarei,/zh-hans/locality/Jacarei%2CSP
São Paulo,SP,Jandira,/zh-hans/locality/Jandira%2CSP
São Paulo,SP,Jau,/zh-hans/locality/Jau%2CSP
São Paulo,SP,Jundiai,/zh-hans/locality/Jundiai%2CSP
São Paulo,SP,Leme,/zh-hans/locality/Leme%2CSP
São Paulo,SP,Lencois Paulista,/zh-hans/locality/Lencois_Paulista%2CSP
São Paulo,SP,Limeira,/zh-hans/locality/Limeira%2CSP
São Paulo,SP,Lins,/zh-hans/locality/Lins%2CSP
São Paulo,SP,Lorena,/zh-hans/locality/Lorena%2CSP
São Paulo,SP,Marilia,/zh-hans/locality/Marilia%2CSP
São Paulo,SP,Matao,/zh-hans/locality/Matao%2CSP
São Paulo,SP,Maua,/zh-hans/locality/Maua%2CSP
São Paulo,SP,Mococa,/zh-hans/locality/Mococa%2CSP
São Paulo,SP,Mogi das Cruzes,/zh-hans/locality/Mogi_das_Cruzes%2CSP
Mato Grosso do Sul,MS,Campo Grande,/zh-hans/locality/Campo_Grande%2CMS
Mato Grosso do Sul,MS,Corumba,/zh-hans/locality/Corumba%2CMS
Mato Grosso do Sul,MS,Dourados,/zh-hans/locality/Dourados%2CMS
Mato Grosso do Sul,MS,Tres Lagoas,/zh-hans/locality/Tres_Lagoas%2CMS
Minas Gerais,MG,Passos,/zh-hans/locality/Passos%2CMG
Minas Gerais,MG,Patos de Minas,/zh-hans/locality/Patos_de_Minas%2CMG
Minas Gerais,MG,Pocos de Caldas,/zh-hans/locality/Pocos_de_Caldas%2CMG
Minas Gerais,MG,Ponte Nova,/zh-hans/locality/Ponte_Nova%2CMG
Minas Gerais,MG,Ribeirao das Neves,/zh-hans/locality/Ribeirao_das_Neves%2CMG
Minas Gerais,MG,Sabara,/zh-hans/locality/Sabara%2CMG
Minas Gerais,MG,Santa Luzia,/zh-hans/locality/Santa_Luzia%2CMG
Minas Gerais,MG,Sao Joao Del Rei,/zh-hans/locality/Sao_Joao_Del_Rei%2CMG
Minas Gerais,MG,Sete Lagoas,/zh-hans/locality/Sete_Lagoas%2CMG
Minas Gerais,MG,Teofilo Otoni,/zh-hans/locality/Teofilo_Otoni%2CMG
Minas Gerais,MG,Timoteo,/zh-hans/locality/Timoteo%2CMG
Minas Gerais,MG,Uberaba,/zh-hans/locality/Uberaba%2CMG
Minas Gerais,MG,Uberlandia,/zh-hans/locality/Uberlandia%2CMG
Minas Gerais,MG,Varginha,/zh-hans/locality/Varginha%2CMG
Mato Grosso,MT,Cuiaba,/zh-hans/locality/Cuiaba%2CMT
Mato Grosso,MT,Rondonopolis,/zh-hans/locality/Rondonopolis%2CMT
Mato Grosso,MT,Varzea Grande,/zh-hans/locality/Varzea_Grande%2CMT
São Paulo,SP,Mogi-guacu,/zh-hans/locality/Mogi-guacu%2CSP
São Paulo,SP,Mogi-mirim,/zh-hans/locality/Mogi-mirim%2CSP
São Paulo,SP,Osasco,/zh-hans/locality/Osasco%2CSP
São Paulo,SP,Ourinhos,/zh-hans/locality/Ourinhos%2CSP
São Paulo,SP,Pindamonhangaba,/zh-hans/locality/Pindamonhangaba%2CSP
São Paulo,SP,Piracicaba,/zh-hans/locality/Piracicaba%2CSP
São Paulo,SP,Pirassununga,/zh-hans/locality/Pirassununga%2CSP
São Paulo,SP,Poa,/zh-hans/locality/Poa%2CSP
São Paulo,SP,Praia Grande,/zh-hans/locality/Praia_Grande%2CSP
São Paulo,SP,Presidente Prudente,/zh-hans/locality/Presidente_Prudente%2CSP
São Paulo,SP,Ribeirao Pires,/zh-hans/locality/Ribeirao_Pires%2CSP
São Paulo,SP,Ribeirao Preto,/zh-hans/locality/Ribeirao_Preto%2CSP
São Paulo,SP,Rio Claro,/zh-hans/locality/Rio_Claro%2CSP
São Paulo,SP,Salto,/zh-hans/locality/Salto%2CSP
São Paulo,SP,Santa Barbara D'oeste,/zh-hans/locality/Santa_Barbara_D%27oeste%2CSP
São Paulo,SP,Santo Andre,/zh-hans/locality/Santo_Andre%2CSP
São Paulo,SP,Santos,/zh-hans/locality/Santos%2CSP
São Paulo,SP,Sao Bernardo do Campo,/zh-hans/locality/Sao_Bernardo_do_Campo%2CSP
São Paulo,SP,Sao Caetano do Sul,/zh-hans/locality/Sao_Caetano_do_Sul%2CSP
São Paulo,SP,Sao Carlos,/zh-hans/locality/Sao_Carlos%2CSP
Alagoas,AL,Arapiraca,/zh-hans/locality/Arapiraca%2CAL
Alagoas,AL,Maceio,/zh-hans/locality/Maceio%2CAL
Alagoas,AL,Palmeira dos Indios,/zh-hans/locality/Palmeira_dos_Indios%2CAL
Bahia,BA,Alagoinhas,/zh-hans/locality/Alagoinhas%2CBA
Bahia,BA,Barreiras,/zh-hans/locality/Barreiras%2CBA
Bahia,BA,Camacari,/zh-hans/locality/Camacari%2CBA
Bahia,BA,Candeias,/zh-hans/locality/Candeias%2CBA
Bahia,BA,Eunapolis,/zh-hans/locality/Eunapolis%2CBA
Bahia,BA,Feira de Santana,/zh-hans/locality/Feira_de_Santana%2CBA
Bahia,BA,Ilheus,/zh-hans/locality/Ilheus%2CBA
Bahia,BA,Itabuna,/zh-hans/locality/Itabuna%2CBA
Bahia,BA,Jequie,/zh-hans/locality/Jequie%2CBA
Bahia,BA,Juazeiro,/zh-hans/locality/Juazeiro%2CBA
Bahia,BA,Paulo Afonso,/zh-hans/locality/Paulo_Afonso%2CBA
Bahia,BA,Salvador,/zh-hans/locality/Salvador%2CBA
Bahia,BA,Santo Antonio de Jesus,/zh-hans/locality/Santo_Antonio_de_Jesus%2CBA
Bahia,BA,Teixeira de Freitas,/zh-hans/locality/Teixeira_de_Freitas%2CBA
Bahia,BA,Vitoria da Conquista,/zh-hans/locality/Vitoria_da_Conquista%2CBA
São Paulo,SP,Sao Joao da Boa Vista,/zh-hans/locality/Sao_Joao_da_Boa_Vista%2CSP
São Paulo,SP,Sao Jose do Rio Preto,/zh-hans/locality/Sao_Jose_do_Rio_Preto%2CSP
São Paulo,SP,Sao Jose dos Campos,/zh-hans/locality/Sao_Jose_dos_Campos%2CSP
São Paulo,SP,Sao Paulo,/zh-hans/locality/Sao_Paulo%2CSP
São Paulo,SP,Sao Roque,/zh-hans/locality/Sao_Roque%2CSP
São Paulo,SP,Sao Vicente,/zh-hans/locality/Sao_Vicente%2CSP
São Paulo,SP,Sertaozinho,/zh-hans/locality/Sertaozinho%2CSP
São Paulo,SP,Sorocaba,/zh-hans/locality/Sorocaba%2CSP
São Paulo,SP,Sumare,/zh-hans/locality/Sumare%2CSP
São Paulo,SP,Suzano,/zh-hans/locality/Suzano%2CSP
São Paulo,SP,Taboao da Serra,/zh-hans/locality/Taboao_da_Serra%2CSP
São Paulo,SP,Tatui,/zh-hans/locality/Tatui%2CSP
São Paulo,SP,Taubate,/zh-hans/locality/Taubate%2CSP
São Paulo,SP,Tupa,/zh-hans/locality/Tupa%2CSP
São Paulo,SP,Valinhos,/zh-hans/locality/Valinhos%2CSP
São Paulo,SP,Varzea Paulista,/zh-hans/locality/Varzea_Paulista%2CSP
São Paulo,SP,Votorantim,/zh-hans/locality/Votorantim%2CSP
São Paulo,SP,Votuporanga,/zh-hans/locality/Votuporanga%2CSP
Goiás,GO,Anapolis,/zh-hans/locality/Anapolis%2CGO
Goiás,GO,Aparecida de Goiania,/zh-hans/locality/Aparecida_de_Goiania%2CGO
Goiás,GO,Catalao,/zh-hans/locality/Catalao%2CGO
Goiás,GO,Goiania,/zh-hans/locality/Goiania%2CGO
Goiás,GO,Itumbiara,/zh-hans/locality/Itumbiara%2CGO
Goiás,GO,Jatai,/zh-hans/locality/Jatai%2CGO
Goiás,GO,Planaltina,/zh-hans/locality/Planaltina%2CGO
Goiás,GO,Rio Verde,/zh-hans/locality/Rio_Verde%2CGO
