countryName,countryArName,state_en_Name,state_Ar_Name,state_code,city_en_Name,city_Ar_Name,city_code
Saudi Arabia,المملكة العربية السعودية,Al-Madinah Al-Monawarah,المدينة المنورة,SA-MD,Ber Arrawha,بئر الروحاء,SA-MD-0
Saudi Arabia,المملكة العربية السعودية,Al-Madinah Al-Monawarah,المدينة المنورة,SA-MD,Al Har Al Sofla,الحار السفلى,SA-MD-1
Saudi Arabia,المملكة العربية السعودية,Al-Madinah Al-Monawarah,المدينة المنورة,SA-MD,Al Shfeah,الشفية,SA-MD-2
Saudi Arabia,المملكة العربية السعودية,Al-Madinah Al-Monawarah,المدينة المنورة,SA-MD,Al Akhal,الاكحل,SA-MD-3
Saudi Arabia,المملكة العربية السعودية,Al-Madinah Al-Monawarah,المدينة المنورة,SA-MD,Al Mufrihat,المفرحات,SA-MD-4
Saudi Arabia,المملكة العربية السعودية,Al-Jouf {Al Jawf},الجوف,SA-AJ,Ar Radifah,الرديفة,SA-AJ-0
Saudi Arabia,المملكة العربية السعودية,Al-Jouf {Al Jawf},الجوف,SA-AJ,An Nabk Abu Qasr,النبك ابوقصر,SA-AJ-1
Saudi Arabia,المملكة العربية السعودية,Al-Jouf {Al Jawf},الجوف,SA-AJ,Al Adari,الادري,SA-AJ-2
Saudi Arabia,المملكة العربية السعودية,Al-Jouf {Al Jawf},الجوف,SA-AJ,Tabrjal,طبرجل,SA-AJ-3
Saudi Arabia,المملكة العربية السعودية,Al-Jouf {Al Jawf},الجوف,SA-AJ,Sakaka,سكاكا,SA-AJ-4
Saudi Arabia,المملكة العربية السعودية,Al-Jouf {Al Jawf},الجوف,SA-AJ,Qurayat,القريات,SA-AJ-5
Saudi Arabia,المملكة العربية السعودية,Al-Jouf {Al Jawf},الجوف,SA-AJ,Kara,كارا,SA-AJ-6
Saudi Arabia,المملكة العربية السعودية,Al-Jouf {Al Jawf},الجوف,SA-AJ,Jouf,الجوف,SA-AJ-7
Saudi Arabia,المملكة العربية السعودية,Al-Jouf {Al Jawf},الجوف,SA-AJ,Hadeethah,الحديثة,SA-AJ-8
Saudi Arabia,المملكة العربية السعودية,Al-Jouf {Al Jawf},الجوف,SA-AJ,Domat Al Jandal,دومة الجندل,SA-AJ-9
Saudi Arabia,المملكة العربية السعودية,Al-Baha{Al-Bahah},الباحة,SA-BH,Al Hajrah,الحجرة,SA-BH-0
Saudi Arabia,المملكة العربية السعودية,Al-Baha{Al-Bahah},الباحة,SA-BH,Wadi Bin Hasbal,وادي بن حسبل,SA-BH-1
Saudi Arabia,المملكة العربية السعودية,Al-Baha{Al-Bahah},الباحة,SA-BH,Turaib,طريب,SA-BH-2
Saudi Arabia,المملكة العربية السعودية,Al-Baha{Al-Bahah},الباحة,SA-BH,Tanda,تندحة,SA-BH-3
Saudi Arabia,المملكة العربية السعودية,Al-Baha{Al-Bahah},الباحة,SA-BH,Subheka,سبحيكا,SA-BH-4
Saudi Arabia,المملكة العربية السعودية,Al-Baha{Al-Bahah},الباحة,SA-BH,Al Mada,المدا,SA-BH-5
Saudi Arabia,المملكة العربية السعودية,Al-Baha{Al-Bahah},الباحة,SA-BH,Mikhwa,مخواه,SA-BH-6
Saudi Arabia,المملكة العربية السعودية,Al-Baha{Al-Bahah},الباحة,SA-BH,Mandak,المندق,SA-BH-7
Saudi Arabia,المملكة العربية السعودية,Al-Baha{Al-Bahah},الباحة,SA-BH,Gilwa,قلوة,SA-BH-8
Saudi Arabia,المملكة العربية السعودية,Al-Baha{Al-Bahah},الباحة,SA-BH,BilJurashi,بلجرشي,SA-BH-9
Saudi Arabia,المملكة العربية السعودية,Al-Baha{Al-Bahah},الباحة,SA-BH,Baha,الباحة,SA-BH-10
Saudi Arabia,المملكة العربية السعودية,Al-Baha{Al-Bahah},الباحة,SA-BH,Atawleh,الأطاولة,SA-BH-11
Saudi Arabia,المملكة العربية السعودية,Al-Baha{Al-Bahah},الباحة,SA-BH,Aqiq,العقيق,SA-BH-12
Saudi Arabia,المملكة العربية السعودية,Al-Baha{Al-Bahah},الباحة,SA-BH,Farat Ghamid Az Zinad,فرعة غامد الزناد,SA-BH-13
Saudi Arabia,المملكة العربية السعودية,Tabuk,تبوك,SA-TB,Umluj,املج,SA-TB-0
Saudi Arabia,المملكة العربية السعودية,Tabuk,تبوك,SA-TB,Wajeh (Al Wajh),الوجه,SA-TB-1
Saudi Arabia,المملكة العربية السعودية,Tabuk,تبوك,SA-TB,Tayma,تيماء,SA-TB-2
Saudi Arabia,المملكة العربية السعودية,Tabuk,تبوك,SA-TB,Tabuk,تبوك,SA-TB-3
Saudi Arabia,المملكة العربية السعودية,Tabuk,تبوك,SA-TB,Haqil,حقل,SA-TB-4
Saudi Arabia,المملكة العربية السعودية,Tabuk,تبوك,SA-TB,Halat Ammar,حالة عمار,SA-TB-5
Saudi Arabia,المملكة العربية السعودية,Tabuk,تبوك,SA-TB,Duba,ضباء,SA-TB-6
Saudi Arabia,المملكة العربية السعودية,Tabuk,تبوك,SA-TB,Al Bada,البدع,SA-TB-7
Saudi Arabia,المملكة العربية السعودية,Northern Borders {Al-Hududash-Shamaliyah},الحدود الشمالية,SA-NB,Hazm Al Jalamid,حزم الجلاميد,SA-NB-0
Saudi Arabia,المملكة العربية السعودية,Northern Borders {Al-Hududash-Shamaliyah},الحدود الشمالية,SA-NB,Turaif,طريف,SA-NB-1
Saudi Arabia,المملكة العربية السعودية,Northern Borders {Al-Hududash-Shamaliyah},الحدود الشمالية,SA-NB,Rafha,رفحاء ,SA-NB-2
Saudi Arabia,المملكة العربية السعودية,Northern Borders {Al-Hududash-Shamaliyah},الحدود الشمالية,SA-NB,Arar,عرعر,SA-NB-3
Saudi Arabia,المملكة العربية السعودية,Najran,نجران,SA-NJ,Badr Al Janoub,بدر الجنوب,SA-NJ-0
Saudi Arabia,المملكة العربية السعودية,Najran,نجران,SA-NJ,Sharourah,شرورة,SA-NJ-1
Saudi Arabia,المملكة العربية السعودية,Najran,نجران,SA-NJ,Najran,نجران,SA-NJ-2
Saudi Arabia,المملكة العربية السعودية,Najran,نجران,SA-NJ,Thar,ثار,SA-NJ-3
Saudi Arabia,المملكة العربية السعودية,Najran,نجران,SA-NJ,Yadamah,يدمة,SA-NJ-4
Saudi Arabia,المملكة العربية السعودية,Najran,نجران,SA-NJ,Hubuna,حبونا,SA-NJ-5
Saudi Arabia,المملكة العربية السعودية,Najran,نجران,SA-NJ,Khbash,خباش,SA-NJ-6
Saudi Arabia,المملكة العربية السعودية,Makkah{Mecca},مكة المكرمة,SA-MK,As Sudayrah,السديرة,SA-MK-0
Saudi Arabia,المملكة العربية السعودية,Makkah{Mecca},مكة المكرمة,SA-MK,Al Jumum,الجموم,SA-MK-1
Saudi Arabia,المملكة العربية السعودية,Makkah{Mecca},مكة المكرمة,SA-MK,Ateef,عطيف,SA-MK-2
Saudi Arabia,المملكة العربية السعودية,Makkah{Mecca},مكة المكرمة,SA-MK,Radwan,رضوان,SA-MK-3
Saudi Arabia,المملكة العربية السعودية,Makkah{Mecca},مكة المكرمة,SA-MK,Al Mahani,المحاني,SA-MK-4
Saudi Arabia,المملكة العربية السعودية,Makkah{Mecca},مكة المكرمة,SA-MK,Alaradiya,عرضيه,SA-MK-5
Saudi Arabia,المملكة العربية السعودية,Makkah{Mecca},مكة المكرمة,SA-MK,Shameesy,شميسي,SA-MK-6
Saudi Arabia,المملكة العربية السعودية,Makkah{Mecca},مكة المكرمة,SA-MK,Mahany,محاني ,SA-MK-7
Saudi Arabia,المملكة العربية السعودية,Makkah{Mecca},مكة المكرمة,SA-MK,Khorma,خرمه ,SA-MK-8
Saudi Arabia,المملكة العربية السعودية,Makkah{Mecca},مكة المكرمة,SA-MK,Nimra,نمره,SA-MK-9
Saudi Arabia,المملكة العربية السعودية,Makkah{Mecca},مكة المكرمة,SA-MK,Taiba,طيبة,SA-MK-10
Saudi Arabia,المملكة العربية السعودية,Makkah{Mecca},مكة المكرمة,SA-MK,Dhahban,ذهبان,SA-MK-11
Saudi Arabia,المملكة العربية السعودية,Makkah{Mecca},مكة المكرمة,SA-MK,Zahban,ذهبان,SA-MK-12
Saudi Arabia,المملكة العربية السعودية,Makkah{Mecca},مكة المكرمة,SA-MK,Wadi Fatmah,وادي فاطمة,SA-MK-13
Saudi Arabia,المملكة العربية السعودية,Makkah{Mecca},مكة المكرمة,SA-MK,Turba,تربة,SA-MK-14
Saudi Arabia,المملكة العربية السعودية,Makkah{Mecca},مكة المكرمة,SA-MK,Towal,الطوال,SA-MK-15
Saudi Arabia,المملكة العربية السعودية,Makkah{Mecca},مكة المكرمة,SA-MK,Taif,الطائف,SA-MK-16
Saudi Arabia,المملكة العربية السعودية,Makkah{Mecca},مكة المكرمة,SA-MK,Ash Shumaysi,الشميسي,SA-MK-17
Saudi Arabia,المملكة العربية السعودية,Makkah{Mecca},مكة المكرمة,SA-MK,Shraie'e,الشرائع,SA-MK-18
Saudi Arabia,المملكة العربية السعودية,Makkah{Mecca},مكة المكرمة,SA-MK,Shoaiba,شعيبة,SA-MK-19
Saudi Arabia,المملكة العربية السعودية,Makkah{Mecca},مكة المكرمة,SA-MK,Rania,رنيا,SA-MK-20
Saudi Arabia,المملكة العربية السعودية,Makkah{Mecca},مكة المكرمة,SA-MK,Rabigh,رابغ,SA-MK-21
Saudi Arabia,المملكة العربية السعودية,Makkah{Mecca},مكة المكرمة,SA-MK,Qunfudah,القنفذة,SA-MK-22
Saudi Arabia,المملكة العربية السعودية,Makkah{Mecca},مكة المكرمة,SA-MK,Nwariah,النورية,SA-MK-23
Saudi Arabia,المملكة العربية السعودية,Makkah{Mecca},مكة المكرمة,SA-MK,Muthaleif,المظيلف,SA-MK-24
Saudi Arabia,المملكة العربية السعودية,Makkah{Mecca},مكة المكرمة,SA-MK,Mastura,مستورة,SA-MK-25
Saudi Arabia,المملكة العربية السعودية,Makkah{Mecca},مكة المكرمة,SA-MK,Makkah,مكة,SA-MK-26
Saudi Arabia,المملكة العربية السعودية,Makkah{Mecca},مكة المكرمة,SA-MK,Laith,الليث,SA-MK-27
Saudi Arabia,المملكة العربية السعودية,Makkah{Mecca},مكة المكرمة,SA-MK,Khurma,الخرمة,SA-MK-28
Saudi Arabia,المملكة العربية السعودية,Makkah{Mecca},مكة المكرمة,SA-MK,Khulais,خليص,SA-MK-29
Saudi Arabia,المملكة العربية السعودية,Makkah{Mecca},مكة المكرمة,SA-MK,Jumum,الجموم,SA-MK-30
Saudi Arabia,المملكة العربية السعودية,Makkah{Mecca},مكة المكرمة,SA-MK,Jeddah,جدة,SA-MK-31
Saudi Arabia,المملكة العربية السعودية,Makkah{Mecca},مكة المكرمة,SA-MK,Ja'araneh,الجعرانة,SA-MK-32
Saudi Arabia,المملكة العربية السعودية,Makkah{Mecca},مكة المكرمة,SA-MK,Bahrat Al Moujoud,بحرة الموجود,SA-MK-33
Saudi Arabia,المملكة العربية السعودية,Makkah{Mecca},مكة المكرمة,SA-MK,Bahara,بحرة,SA-MK-34
Saudi Arabia,المملكة العربية السعودية,Makkah{Mecca},مكة المكرمة,SA-MK,Ash Shuqaiq,الشوقية,SA-MK-35
Saudi Arabia,المملكة العربية السعودية,Makkah{Mecca},مكة المكرمة,SA-MK,Asfan,عسفان,SA-MK-36
Saudi Arabia,المملكة العربية السعودية,Makkah{Mecca},مكة المكرمة,SA-MK,Amaq,عمق,SA-MK-37
Saudi Arabia,المملكة العربية السعودية,Makkah{Mecca},مكة المكرمة,SA-MK,Alhada,الهدا,SA-MK-38
Saudi Arabia,المملكة العربية السعودية,Makkah{Mecca},مكة المكرمة,SA-MK,Daghbag,دغبج,SA-MK-39
Saudi Arabia,المملكة العربية السعودية,Makkah{Mecca},مكة المكرمة,SA-MK,Maysaan,ميسان,SA-MK-40
Saudi Arabia,المملكة العربية السعودية,Makkah{Mecca},مكة المكرمة,SA-MK,Namira,نمره,SA-MK-41
Saudi Arabia,المملكة العربية السعودية,Makkah{Mecca},مكة المكرمة,SA-MK,ElMahany,المحاني ,SA-MK-42
Saudi Arabia,المملكة العربية السعودية,Makkah{Mecca},مكة المكرمة,SA-MK,Kulaikh,كلاخ,SA-MK-43
Saudi Arabia,المملكة العربية السعودية,Makkah{Mecca},مكة المكرمة,SA-MK,Abu Rakh,أبو راكة,SA-MK-44
Saudi Arabia,المملكة العربية السعودية,Makkah{Mecca},مكة المكرمة,SA-MK,Torbah,تربه ,SA-MK-45
Saudi Arabia,المملكة العربية السعودية,Makkah{Mecca},مكة المكرمة,SA-MK,Mowyah,المويه ,SA-MK-46
Saudi Arabia,المملكة العربية السعودية,Makkah{Mecca},مكة المكرمة,SA-MK,El ser,السر,SA-MK-47
Saudi Arabia,المملكة العربية السعودية,Makkah{Mecca},مكة المكرمة,SA-MK,Adham,اضم ,SA-MK-48
Saudi Arabia,المملكة العربية السعودية,Makkah{Mecca},مكة المكرمة,SA-MK,Al Khurma,الخرمة,SA-MK-49
Saudi Arabia,المملكة العربية السعودية,Makkah{Mecca},مكة المكرمة,SA-MK,Ash Shafa,الشفا,SA-MK-50
Saudi Arabia,المملكة العربية السعودية,Makkah{Mecca},مكة المكرمة,SA-MK,Almahameed,المحاميد,SA-MK-51
Saudi Arabia,المملكة العربية السعودية,Makkah{Mecca},مكة المكرمة,SA-MK,Al Kamil,الكامل,SA-MK-52
Saudi Arabia,المملكة العربية السعودية,Makkah{Mecca},مكة المكرمة,SA-MK,Asheera,عشيره ,SA-MK-53
Saudi Arabia,المملكة العربية السعودية,Makkah{Mecca},مكة المكرمة,SA-MK,Hadaad Bani Malek,حداد بني مالك,SA-MK-54
Saudi Arabia,المملكة العربية السعودية,Makkah{Mecca},مكة المكرمة,SA-MK,Ashayrah,عشيرة,SA-MK-55
Saudi Arabia,المملكة العربية السعودية,Makkah{Mecca},مكة المكرمة,SA-MK,Al Khoar,الخوار,SA-MK-56
Saudi Arabia,المملكة العربية السعودية,Makkah{Mecca},مكة المكرمة,SA-MK,Um Aldoom,ام الدوم,SA-MK-57
Saudi Arabia,المملكة العربية السعودية,Makkah{Mecca},مكة المكرمة,SA-MK,Raneeh,رنيه,SA-MK-58
Saudi Arabia,المملكة العربية السعودية,Makkah{Mecca},مكة المكرمة,SA-MK,Qia,قيا ,SA-MK-59
Saudi Arabia,المملكة العربية السعودية,Makkah{Mecca},مكة المكرمة,SA-MK,Ash Shara'i',الشرائع,SA-MK-60
Saudi Arabia,المملكة العربية السعودية,Makkah{Mecca},مكة المكرمة,SA-MK,Ar Rawdah,الروضه,SA-MK-61
Saudi Arabia,المملكة العربية السعودية,Makkah{Mecca},مكة المكرمة,SA-MK,Umm Aldoom,أم الدوم,SA-MK-62
Saudi Arabia,المملكة العربية السعودية,Makkah{Mecca},مكة المكرمة,SA-MK,Hadda,حدة,SA-MK-63
Saudi Arabia,المملكة العربية السعودية,Makkah{Mecca},مكة المكرمة,SA-MK,Harazat,حي حرازات,SA-MK-64
Saudi Arabia,المملكة العربية السعودية,Makkah{Mecca},مكة المكرمة,SA-MK,Arafa,العرفاء ,SA-MK-65
Saudi Arabia,المملكة العربية السعودية,Makkah{Mecca},مكة المكرمة,SA-MK,Dhalm,ظلم ,SA-MK-66
Saudi Arabia,المملكة العربية السعودية,Makkah{Mecca},مكة المكرمة,SA-MK,Bahra,بحرة,SA-MK-67
Saudi Arabia,المملكة العربية السعودية,Makkah{Mecca},مكة المكرمة,SA-MK,Malakan,ملكان,SA-MK-68
Saudi Arabia,المملكة العربية السعودية,Makkah{Mecca},مكة المكرمة,SA-MK,Al Ju'ranah,الجعرانة,SA-MK-69
Saudi Arabia,المملكة العربية السعودية,Makkah{Mecca},مكة المكرمة,SA-MK,Walyal Ahd Dist.,ولي العهد,SA-MK-70
Saudi Arabia,المملكة العربية السعودية,Makkah{Mecca},مكة المكرمة,SA-MK,Al Sir,السر,SA-MK-71
Saudi Arabia,المملكة العربية السعودية,Makkah{Mecca},مكة المكرمة,SA-MK,Shoqsan,شقصان,SA-MK-72
Saudi Arabia,المملكة العربية السعودية,Makkah{Mecca},مكة المكرمة,SA-MK,Muhameed,حي محاميد,SA-MK-73
Saudi Arabia,المملكة العربية السعودية,Jizan{Gizan},جازان,SA-GZ,Al Idabi,العيدابي,SA-GZ-0
Saudi Arabia,المملكة العربية السعودية,Jizan{Gizan},جازان,SA-GZ,Thabya,ضبية,SA-GZ-1
Saudi Arabia,المملكة العربية السعودية,Jizan{Gizan},جازان,SA-GZ,Samtah,صامطه,SA-GZ-2
Saudi Arabia,المملكة العربية السعودية,Jizan{Gizan},جازان,SA-GZ,Sabya,صبيا,SA-GZ-3
Saudi Arabia,المملكة العربية السعودية,Jizan{Gizan},جازان,SA-GZ,Khasawyah,الخصاوية,SA-GZ-4
Saudi Arabia,المملكة العربية السعودية,Jizan{Gizan},جازان,SA-GZ,Karboos,الكربوس,SA-GZ-5
Saudi Arabia,المملكة العربية السعودية,Jizan{Gizan},جازان,SA-GZ,Gizan,جيزان,SA-GZ-6
Saudi Arabia,المملكة العربية السعودية,Jizan{Gizan},جازان,SA-GZ,Farasan,فرسان,SA-GZ-7
Saudi Arabia,المملكة العربية السعودية,Jizan{Gizan},جازان,SA-GZ,Darb,الدرب,SA-GZ-8
Saudi Arabia,المملكة العربية السعودية,Jizan{Gizan},جازان,SA-GZ,Damad,ضمد,SA-GZ-9
Saudi Arabia,المملكة العربية السعودية,Jizan{Gizan},جازان,SA-GZ,Bish,بيشة,SA-GZ-10
Saudi Arabia,المملكة العربية السعودية,Jizan{Gizan},جازان,SA-GZ,Ahad Masarha,احد المسارحة,SA-GZ-11
Saudi Arabia,المملكة العربية السعودية,Jizan{Gizan},جازان,SA-GZ,Abu Areish,ابو عريش,SA-GZ-12
Saudi Arabia,المملكة العربية السعودية,Jizan{Gizan},جازان,SA-GZ,Al Reeth,الريث,SA-GZ-13
Saudi Arabia,المملكة العربية السعودية,Jizan{Gizan},جازان,SA-GZ,Al Aridhah,العارضة,SA-GZ-14
Saudi Arabia,المملكة العربية السعودية,Jizan{Gizan},جازان,SA-GZ,Harub,هروب,SA-GZ-15
Saudi Arabia,المملكة العربية السعودية,Jizan{Gizan},جازان,SA-GZ,Addayer,الدائر,SA-GZ-16
Saudi Arabia,المملكة العربية السعودية,Jizan{Gizan},جازان,SA-GZ,Al Harth,الحرث,SA-GZ-17
Saudi Arabia,المملكة العربية السعودية,Jizan{Gizan},جازان,SA-GZ,Fayfa,فيفاء,SA-GZ-18
Saudi Arabia,المملكة العربية السعودية,Jizan{Gizan},جازان,SA-GZ,Al Tuwal,الطوال,SA-GZ-19
Saudi Arabia,المملكة العربية السعودية,Hail,حائل,SA-HL,Simira,سميرا,SA-HL-0
Saudi Arabia,المملكة العربية السعودية,Hail,حائل,SA-HL,Shinanh,الشنانة,SA-HL-1
Saudi Arabia,المملكة العربية السعودية,Hail,حائل,SA-HL,Sadyan,صدين,SA-HL-2
Saudi Arabia,المملكة العربية السعودية,Hail,حائل,SA-HL,Qufar,قفار,SA-HL-3
Saudi Arabia,المملكة العربية السعودية,Hail,حائل,SA-HL,Munifat Al Qaid,منيفت القيد,SA-HL-4
Saudi Arabia,المملكة العربية السعودية,Hail,حائل,SA-HL,Moqaq,موقق,SA-HL-5
Saudi Arabia,المملكة العربية السعودية,Hail,حائل,SA-HL,Ghazalah,الغزالة,SA-HL-6
Saudi Arabia,المملكة العربية السعودية,Hail,حائل,SA-HL,Baqaa,بقعاء,SA-HL-7
Saudi Arabia,المملكة العربية السعودية,Hail,حائل,SA-HL,Baqa Ash Sharqiyah,بقعاء الشرقية,SA-HL-8
Saudi Arabia,المملكة العربية السعودية,Hail,حائل,SA-HL,Ash Shananah,الشنانه,SA-HL-9
Saudi Arabia,المملكة العربية السعودية,Hail,حائل,SA-HL,Al Wasayta,الوسيطاء,SA-HL-10
Saudi Arabia,المملكة العربية السعودية,Hail,حائل,SA-HL,Al Ajfar,الأجفر,SA-HL-11
Saudi Arabia,المملكة العربية السعودية,Hail,حائل,SA-HL,Hail,حائل,SA-HL-12
Saudi Arabia,المملكة العربية السعودية,Hail,حائل,SA-HL,As Sulaymi,السليمي,#N/A
Saudi Arabia,المملكة العربية السعودية,Hail,حائل,SA-HL,Ash Shamli,الشملي,SA-HL-14
Saudi Arabia,المملكة العربية السعودية,Hail,حائل,SA-HL,Al Hait,الحائط,SA-HL-15
Saudi Arabia,المملكة العربية السعودية,Eastern Region {Ash-Sharqiyah},الشرقية,SA-EA,Al Maniyah,المانعية,SA-EA-0
Saudi Arabia,المملكة العربية السعودية,Eastern Region {Ash-Sharqiyah},الشرقية,SA-EA,Al Dughaimiyah,الدغيمية,SA-EA-1
Saudi Arabia,المملكة العربية السعودية,Eastern Region {Ash-Sharqiyah},الشرقية,SA-EA,Al Rabiyah,الرابية,SA-EA-2
Saudi Arabia,المملكة العربية السعودية,Eastern Region {Ash-Sharqiyah},الشرقية,SA-EA,Al Oyun,العيون,SA-EA-3
Saudi Arabia,المملكة العربية السعودية,Eastern Region {Ash-Sharqiyah},الشرقية,SA-EA,Nisab,نصاب,SA-EA-4
Saudi Arabia,المملكة العربية السعودية,Eastern Region {Ash-Sharqiyah},الشرقية,SA-EA,Baqiq,بقيق,SA-EA-5
Saudi Arabia,المملكة العربية السعودية,Eastern Region {Ash-Sharqiyah},الشرقية,SA-EA,Uyun,العيون,SA-EA-6
Saudi Arabia,المملكة العربية السعودية,Eastern Region {Ash-Sharqiyah},الشرقية,SA-EA,Udhaliyah,العضيلية,SA-EA-7
Saudi Arabia,المملكة العربية السعودية,Eastern Region {Ash-Sharqiyah},الشرقية,SA-EA,Tarut,تاروت,SA-EA-8
Saudi Arabia,المملكة العربية السعودية,Eastern Region {Ash-Sharqiyah},الشرقية,SA-EA,Tanjeeb,تناجيب,SA-EA-9
Saudi Arabia,المملكة العربية السعودية,Eastern Region {Ash-Sharqiyah},الشرقية,SA-EA,Seihat,سيهات,SA-EA-10
Saudi Arabia,المملكة العربية السعودية,Eastern Region {Ash-Sharqiyah},الشرقية,SA-EA,Sarar,صرار ,SA-EA-11
Saudi Arabia,المملكة العربية السعودية,Eastern Region {Ash-Sharqiyah},الشرقية,SA-EA,Salwa,سلوى,KW-HA-10
Saudi Arabia,المملكة العربية السعودية,Eastern Region {Ash-Sharqiyah},الشرقية,SA-EA,Safwa,صفوى,SA-EA-13
Saudi Arabia,المملكة العربية السعودية,Eastern Region {Ash-Sharqiyah},الشرقية,SA-EA,Safanyah,سفانيه,SA-EA-14
Saudi Arabia,المملكة العربية السعودية,Eastern Region {Ash-Sharqiyah},الشرقية,SA-EA,Ras Tanura,راس تنورة,SA-EA-15
Saudi Arabia,المملكة العربية السعودية,Eastern Region {Ash-Sharqiyah},الشرقية,SA-EA,Ras Al Kheir,راس الخير,SA-EA-16
Saudi Arabia,المملكة العربية السعودية,Eastern Region {Ash-Sharqiyah},الشرقية,SA-EA,Rahima,رحيمة,SA-EA-17
Saudi Arabia,المملكة العربية السعودية,Eastern Region {Ash-Sharqiyah},الشرقية,SA-EA,Qaysoomah,قيسومه,SA-EA-18
Saudi Arabia,المملكة العربية السعودية,Eastern Region {Ash-Sharqiyah},الشرقية,SA-EA,Qatif,القطيف,SA-EA-19
Saudi Arabia,المملكة العربية السعودية,Eastern Region {Ash-Sharqiyah},الشرقية,SA-EA,Qariya Al Olaya,قرية العليا,SA-EA-20
Saudi Arabia,المملكة العربية السعودية,Eastern Region {Ash-Sharqiyah},الشرقية,SA-EA,Qarah,جبل القارة ,SA-EA-21
Saudi Arabia,المملكة العربية السعودية,Eastern Region {Ash-Sharqiyah},الشرقية,SA-EA,Othmanyah,العثمانية,SA-EA-22
Saudi Arabia,المملكة العربية السعودية,Eastern Region {Ash-Sharqiyah},الشرقية,SA-EA,Ojam,عجم,SA-EA-23
Saudi Arabia,المملكة العربية السعودية,Eastern Region {Ash-Sharqiyah},الشرقية,SA-EA,Noweirieh,النعيرية,SA-EA-24
Saudi Arabia,المملكة العربية السعودية,Eastern Region {Ash-Sharqiyah},الشرقية,SA-EA,Nabiya,النابية,SA-EA-25
Saudi Arabia,المملكة العربية السعودية,Eastern Region {Ash-Sharqiyah},الشرقية,SA-EA,Mulaija,مليجة,SA-EA-26
Saudi Arabia,المملكة العربية السعودية,Eastern Region {Ash-Sharqiyah},الشرقية,SA-EA,Mubaraz,المبرز,SA-EA-27
Saudi Arabia,المملكة العربية السعودية,Eastern Region {Ash-Sharqiyah},الشرقية,SA-EA,Khobar,الخبر,SA-EA-28
Saudi Arabia,المملكة العربية السعودية,Eastern Region {Ash-Sharqiyah},الشرقية,SA-EA,Khafji,الخفجي,SA-EA-29
Saudi Arabia,المملكة العربية السعودية,Eastern Region {Ash-Sharqiyah},الشرقية,SA-EA,Jubail,الجبيل,SA-EA-30
Saudi Arabia,المملكة العربية السعودية,Eastern Region {Ash-Sharqiyah},الشرقية,SA-EA,Jafar,الجفر,SA-EA-31
Saudi Arabia,المملكة العربية السعودية,Eastern Region {Ash-Sharqiyah},الشرقية,SA-EA,Hofuf,الهفوف,SA-EA-32
Saudi Arabia,المملكة العربية السعودية,Eastern Region {Ash-Sharqiyah},الشرقية,SA-EA,Haweyah,الحوية,SA-EA-33
Saudi Arabia,المملكة العربية السعودية,Eastern Region {Ash-Sharqiyah},الشرقية,SA-EA,Harad,حرض,SA-EA-34
Saudi Arabia,المملكة العربية السعودية,Eastern Region {Ash-Sharqiyah},الشرقية,SA-EA,Hafer Al Batin,حفر الباطن,SA-EA-35
Saudi Arabia,المملكة العربية السعودية,Eastern Region {Ash-Sharqiyah},الشرقية,SA-EA,Dhahran,الظهران,SA-EA-36
Saudi Arabia,المملكة العربية السعودية,Eastern Region {Ash-Sharqiyah},الشرقية,SA-EA,Dammam,الدمام,SA-EA-37
Saudi Arabia,المملكة العربية السعودية,Eastern Region {Ash-Sharqiyah},الشرقية,SA-EA,Batha,البطحاء,SA-EA-38
Saudi Arabia,المملكة العربية السعودية,Eastern Region {Ash-Sharqiyah},الشرقية,SA-EA,Awamiah,العوامية,SA-EA-39
Saudi Arabia,المملكة العربية السعودية,Eastern Region {Ash-Sharqiyah},الشرقية,SA-EA,Anak,عنك,SA-EA-40
Saudi Arabia,المملكة العربية السعودية,Eastern Region {Ash-Sharqiyah},الشرقية,SA-EA,Al Hassa,الحساء,SA-EA-41
Saudi Arabia,المملكة العربية السعودية,Eastern Region {Ash-Sharqiyah},الشرقية,SA-EA,Ain Dar,عين دار,SA-EA-42
Saudi Arabia,المملكة العربية السعودية,Eastern Region {Ash-Sharqiyah},الشرقية,SA-EA,Abqaiq,بقيق,SA-EA-43
Saudi Arabia,المملكة العربية السعودية,Eastern Region {Ash-Sharqiyah},الشرقية,SA-EA,Al Shuaba,الشعبه,SA-EA-44
Saudi Arabia,المملكة العربية السعودية,Eastern Region {Ash-Sharqiyah},الشرقية,SA-EA,Almutayrifi,المطيرفي,SA-EA-45
Saudi Arabia,المملكة العربية السعودية,Eastern Region {Ash-Sharqiyah},الشرقية,SA-EA,Hawiyah,الحوية,SA-EA-46
Saudi Arabia,المملكة العربية السعودية,Eastern Region {Ash-Sharqiyah},الشرقية,SA-EA,Al Munaizilah,المنيزلة,SA-EA-47
Saudi Arabia,المملكة العربية السعودية,Eastern Region {Ash-Sharqiyah},الشرقية,SA-EA,Juatha,جواثا,SA-EA-48
Saudi Arabia,المملكة العربية السعودية,Eastern Region {Ash-Sharqiyah},الشرقية,SA-EA,Al Tarf,الطرف,SA-EA-49
Saudi Arabia,المملكة العربية السعودية,Eastern Region {Ash-Sharqiyah},الشرقية,SA-EA,Madinatal Umran,العمران,SA-EA-50
Saudi Arabia,المملكة العربية السعودية,Eastern Region {Ash-Sharqiyah},الشرقية,SA-EA,Al Fodhool,الفضول,SA-EA-51
Saudi Arabia,المملكة العربية السعودية,Eastern Region {Ash-Sharqiyah},الشرقية,SA-EA,Ain Al Nakhal,عين النخل,SA-EA-52
Saudi Arabia,المملكة العربية السعودية,Eastern Region {Ash-Sharqiyah},الشرقية,SA-EA,Al Wozeyh,الوزية,SA-EA-53
Saudi Arabia,المملكة العربية السعودية,Eastern Region {Ash-Sharqiyah},الشرقية,SA-EA,Al Jishah,الجشة,SA-EA-54
Saudi Arabia,المملكة العربية السعودية,Eastern Region {Ash-Sharqiyah},الشرقية,SA-EA,Al Jawiyah,الجوية,SA-EA-55
Saudi Arabia,المملكة العربية السعودية,Eastern Region {Ash-Sharqiyah},الشرقية,SA-EA,Hasa Industrial City,المنطقة الصناعية بالاحساء,SA-EA-56
Saudi Arabia,المملكة العربية السعودية,Eastern Region {Ash-Sharqiyah},الشرقية,SA-EA,Al Shaharin,الشهارين,SA-EA-57
Saudi Arabia,المملكة العربية السعودية,Eastern Region {Ash-Sharqiyah},الشرقية,SA-EA,Al Markaz,المركز,SA-EA-58
Saudi Arabia,المملكة العربية السعودية,Eastern Region {Ash-Sharqiyah},الشرقية,SA-EA,Banimaan,بني معن,SA-EA-59
Saudi Arabia,المملكة العربية السعودية,Eastern Region {Ash-Sharqiyah},الشرقية,SA-EA,Algorn,الجرن,SA-EA-60
Saudi Arabia,المملكة العربية السعودية,Eastern Region {Ash-Sharqiyah},الشرقية,SA-EA,Julayjilah,جليجلة,SA-EA-61
Saudi Arabia,المملكة العربية السعودية,Eastern Region {Ash-Sharqiyah},الشرقية,SA-EA,Al Husima,الحصيمه,SA-EA-62
Saudi Arabia,المملكة العربية السعودية,Eastern Region {Ash-Sharqiyah},الشرقية,SA-EA,Umkhraisan,ام خريسان,SA-EA-63
Saudi Arabia,المملكة العربية السعودية,Eastern Region {Ash-Sharqiyah},الشرقية,SA-EA,Waisah,ويسة,SA-EA-64
Saudi Arabia,المملكة العربية السعودية,Eastern Region {Ash-Sharqiyah},الشرقية,SA-EA,Al Sultanyah,السلطانيـة,SA-EA-65
Saudi Arabia,المملكة العربية السعودية,Eastern Region {Ash-Sharqiyah},الشرقية,SA-EA,Al Battaliyah,البطالية,SA-EA-66
Saudi Arabia,المملكة العربية السعودية,Eastern Region {Ash-Sharqiyah},الشرقية,SA-EA,Al Shuqaiq,الشقيق,SA-EA-67
Saudi Arabia,المملكة العربية السعودية,Asir{ Aseer},عسير,SA-AS,Tereeb,طريب,SA-AS-0
Saudi Arabia,المملكة العربية السعودية,Asir{ Aseer},عسير,SA-AS,Birk,البرك,SA-AS-1
Saudi Arabia,المملكة العربية السعودية,Asir{ Aseer},عسير,SA-AS,Wadeien,الواديين,SA-AS-2
Saudi Arabia,المملكة العربية السعودية,Asir{ Aseer},عسير,SA-AS,Tatleeth,تثليث,SA-AS-3
Saudi Arabia,المملكة العربية السعودية,Asir{ Aseer},عسير,SA-AS,Tanuma,التنومه,SA-AS-4
Saudi Arabia,المملكة العربية السعودية,Asir{ Aseer},عسير,SA-AS,Sarat Obeida,سراة عبيدة,SA-AS-5
Saudi Arabia,المملكة العربية السعودية,Asir{ Aseer},عسير,SA-AS,Sabt El Alaya,سبت العلايا,SA-AS-6
Saudi Arabia,المملكة العربية السعودية,Asir{ Aseer},عسير,SA-AS,Rejal Alma'a,رجال ألمع,SA-AS-7
Saudi Arabia,المملكة العربية السعودية,Asir{ Aseer},عسير,SA-AS,Namas,النماص,SA-AS-8
Saudi Arabia,المملكة العربية السعودية,Asir{ Aseer},عسير,SA-AS,Mohayel Aseer,محايل عسير,SA-AS-9
Saudi Arabia,المملكة العربية السعودية,Asir{ Aseer},عسير,SA-AS,Majarda,المجاردة,SA-AS-10
Saudi Arabia,المملكة العربية السعودية,Asir{ Aseer},عسير,SA-AS,Khamis Mushait,خميس مشيط,SA-AS-11
Saudi Arabia,المملكة العربية السعودية,Asir{ Aseer},عسير,SA-AS,Kara'a,كارا,SA-AS-12
Saudi Arabia,المملكة العربية السعودية,Asir{ Aseer},عسير,SA-AS,Harjah,الحرجة,SA-AS-13
Saudi Arabia,المملكة العربية السعودية,Asir{ Aseer},عسير,SA-AS,Dhahran Al Janoob,ظهران الجنوب,SA-AS-14
Saudi Arabia,المملكة العربية السعودية,Asir{ Aseer},عسير,SA-AS,Bisha,بيشة,SA-AS-15
Saudi Arabia,المملكة العربية السعودية,Asir{ Aseer},عسير,SA-AS,Bareq,بارق,SA-AS-16
Saudi Arabia,المملكة العربية السعودية,Asir{ Aseer},عسير,SA-AS,Balasmar,بلسمر,SA-AS-17
Saudi Arabia,المملكة العربية السعودية,Asir{ Aseer},عسير,SA-AS,Balahmar,بلحمر,SA-AS-18
Saudi Arabia,المملكة العربية السعودية,Asir{ Aseer},عسير,SA-AS,Ahad Rufaidah,أحد رفيدة,SA-AS-19
Saudi Arabia,المملكة العربية السعودية,Asir{ Aseer},عسير,SA-AS,Abha,ابها,SA-AS-20
Saudi Arabia,المملكة العربية السعودية,Asir{ Aseer},عسير,SA-AS,Tamniah,تمنية,SA-AS-21
Saudi Arabia,المملكة العربية السعودية,Asir{ Aseer},عسير,SA-AS,Al-Itnayn,الاثنين,SA-AS-22
Saudi Arabia,المملكة العربية السعودية,Asir{ Aseer},عسير,SA-AS,Al Yazeed,آل يزيد,SA-AS-23
Saudi Arabia,المملكة العربية السعودية,Asir{ Aseer},عسير,SA-AS,Rawdhan Al-Sellil,روضان السليل,SA-AS-24
Saudi Arabia,المملكة العربية السعودية,Asir{ Aseer},عسير,SA-AS,Al 'Urfan,ال عرفان,SA-AS-25
Saudi Arabia,المملكة العربية السعودية,Asir{ Aseer},عسير,SA-AS,Al Jarr,الجر,SA-AS-26
Saudi Arabia,المملكة العربية السعودية,Asir{ Aseer},عسير,SA-AS,Al-Mektaa,المقطاع,SA-AS-27
Saudi Arabia,المملكة العربية السعودية,Asir{ Aseer},عسير,SA-AS,Al Madha,المضة,SA-AS-28
Saudi Arabia,المملكة العربية السعودية,Asir{ Aseer},عسير,SA-AS,Tendaha,تندحة,SA-AS-29
Saudi Arabia,المملكة العربية السعودية,Asir{ Aseer},عسير,SA-AS,Al Thibah A'Al Al Jahal,الذيبة آل الجحل,SA-AS-30
Saudi Arabia,المملكة العربية السعودية,Asir{ Aseer},عسير,SA-AS,Al Sarhan,آل سرحان,SA-AS-31
Saudi Arabia,المملكة العربية السعودية,Asir{ Aseer},عسير,SA-AS,Edadh,عضاضة,SA-AS-32
Saudi Arabia,المملكة العربية السعودية,Asir{ Aseer},عسير,SA-AS,Yaara,يعرى,SA-AS-33
Saudi Arabia,المملكة العربية السعودية,Asir{ Aseer},عسير,SA-AS,Al Fara,الفرعاء,SA-AS-34
Saudi Arabia,المملكة العربية السعودية,Asir{ Aseer},عسير,SA-AS,Wadi Ibn Hashbal,وادي ابن هشبل,SA-AS-35
Saudi Arabia,المملكة العربية السعودية,Asir{ Aseer},عسير,SA-AS,Al Ghina,الغيناء,SA-AS-36
Saudi Arabia,المملكة العربية السعودية,Asir{ Aseer},عسير,SA-AS,Al Masgi,المسقي,SA-AS-37
Saudi Arabia,المملكة العربية السعودية,Asir{ Aseer},عسير,SA-AS,Khaiber Al-Janoub,خيبر الجنوب,SA-AS-38
Saudi Arabia,المملكة العربية السعودية,Asir{ Aseer},عسير,SA-AS,Reghawah,رغوة,SA-AS-39
Saudi Arabia,المملكة العربية السعودية,Al-Riyadh,الرياض,SA-AR,Sajir,ساجر,SA-AR-0
Saudi Arabia,المملكة العربية السعودية,Al-Riyadh,الرياض,SA-AR,Tharmada,ثرمدا,SA-AR-1
Saudi Arabia,المملكة العربية السعودية,Al-Riyadh,الرياض,SA-AR,An Nafiah,نفي,SA-AR-2
Saudi Arabia,المملكة العربية السعودية,Al-Riyadh,الرياض,SA-AR,Zulfi,الزلفي,SA-AR-3
Saudi Arabia,المملكة العربية السعودية,Al-Riyadh,الرياض,SA-AR,Wadi El Dwaser,وادي الدواسر,SA-AR-4
Saudi Arabia,المملكة العربية السعودية,Al-Riyadh,الرياض,SA-AR,Um Aljamajim,أم الجماجم,SA-AR-5
Saudi Arabia,المملكة العربية السعودية,Al-Riyadh,الرياض,SA-AR,Thumair,ضرما,SA-AR-6
Saudi Arabia,المملكة العربية السعودية,Al-Riyadh,الرياض,SA-AR,Thadek,ثادق,SA-AR-7
Saudi Arabia,المملكة العربية السعودية,Al-Riyadh,الرياض,SA-AR,Sulaiyl,السليل,SA-AR-8
Saudi Arabia,المملكة العربية السعودية,Al-Riyadh,الرياض,SA-AR,Shefa'a,الشفاء,SA-AR-9
Saudi Arabia,المملكة العربية السعودية,Al-Riyadh,الرياض,SA-AR,Shaqra,شقراء,SA-AR-10
Saudi Arabia,المملكة العربية السعودية,Al-Riyadh,الرياض,SA-AR,Salbookh,صلبوخ,SA-AR-11
Saudi Arabia,المملكة العربية السعودية,Al-Riyadh,الرياض,SA-AR,Rwaydah,الرويضة,SA-AR-12
Saudi Arabia,المملكة العربية السعودية,Al-Riyadh,الرياض,SA-AR,Rowdat Sodair,روضة سدير,SA-AR-13
Saudi Arabia,المملكة العربية السعودية,Al-Riyadh,الرياض,SA-AR,Riyadh,الرياض,SA-AR-14
Saudi Arabia,المملكة العربية السعودية,Al-Riyadh,الرياض,SA-AR,Remah,رماح,SA-AR-15
Saudi Arabia,المملكة العربية السعودية,Al-Riyadh,الرياض,SA-AR,Quwei'ieh,القويعية,SA-AR-16
Saudi Arabia,المملكة العربية السعودية,Al-Riyadh,الرياض,SA-AR,Qasab,القصب,SA-AR-17
Saudi Arabia,المملكة العربية السعودية,Al-Riyadh,الرياض,SA-AR,Oyaynah,العيينة,SA-AR-18
Saudi Arabia,المملكة العربية السعودية,Al-Riyadh,الرياض,SA-AR,Muzahmiah,المزاحمية,SA-AR-19
Saudi Arabia,المملكة العربية السعودية,Al-Riyadh,الرياض,SA-AR,Mrat,مرات,SA-AR-20
Saudi Arabia,المملكة العربية السعودية,Al-Riyadh,الرياض,SA-AR,Majma,المجمعة,SA-AR-21
Saudi Arabia,المملكة العربية السعودية,Al-Riyadh,الرياض,SA-AR,Kharj,الخرج,SA-AR-22
Saudi Arabia,المملكة العربية السعودية,Al-Riyadh,الرياض,SA-AR,Khamaseen,الخماسين,SA-AR-23
Saudi Arabia,المملكة العربية السعودية,Al-Riyadh,الرياض,SA-AR,Jalajel,جلاجل,SA-AR-24
Saudi Arabia,المملكة العربية السعودية,Al-Riyadh,الرياض,SA-AR,Hotat Sudair,حوطة سدير,SA-AR-25
Saudi Arabia,المملكة العربية السعودية,Al-Riyadh,الرياض,SA-AR,Horaimal,حريملاء,SA-AR-26
Saudi Arabia,المملكة العربية السعودية,Al-Riyadh,الرياض,SA-AR,Hawtat Bani Tamim,حوطة بني تميم,SA-AR-27
Saudi Arabia,المملكة العربية السعودية,Al-Riyadh,الرياض,SA-AR,Hareeq,الحريق,SA-AR-28
Saudi Arabia,المملكة العربية السعودية,Al-Riyadh,الرياض,SA-AR,Dhurma,ضرما,SA-AR-29
Saudi Arabia,المملكة العربية السعودية,Al-Riyadh,الرياض,SA-AR,Dere'iyeh,الدرعية,SA-AR-30
Saudi Arabia,المملكة العربية السعودية,Al-Riyadh,الرياض,SA-AR,Dawadmi,الدوادمي,SA-AR-31
Saudi Arabia,المملكة العربية السعودية,Al-Riyadh,الرياض,SA-AR,Daelim,الدلم,SA-AR-32
Saudi Arabia,المملكة العربية السعودية,Al-Riyadh,الرياض,SA-AR,Artawiah,الأرطاوية,SA-AR-33
Saudi Arabia,المملكة العربية السعودية,Al-Riyadh,الرياض,SA-AR,Alghat,الغاط,SA-AR-34
Saudi Arabia,المملكة العربية السعودية,Al-Riyadh,الرياض,SA-AR,Aflaj,الأفلاج,SA-AR-35
Saudi Arabia,المملكة العربية السعودية,Al-Riyadh,الرياض,SA-AR,Afif,عفيف,SA-AR-36
Saudi Arabia,المملكة العربية السعودية,Al-Riyadh,الرياض,SA-AR,Ar Rayn,الرين,SA-AR-37
Saudi Arabia,المملكة العربية السعودية,Al-Qassim,القصيم,SA-AQ,Saqf,صقف,SA-AQ-0
Saudi Arabia,المملكة العربية السعودية,Al-Qassim,القصيم,SA-AQ,Qusayba,قصيباء,SA-AQ-1
Saudi Arabia,المملكة العربية السعودية,Al-Qassim,القصيم,SA-AQ,Oyoon Al Jawa,عيون الجوا,SA-AQ-2
Saudi Arabia,المملكة العربية السعودية,Al-Qassim,القصيم,SA-AQ,Kubadah,كبضه,SA-AQ-3
Saudi Arabia,المملكة العربية السعودية,Al-Qassim,القصيم,SA-AQ,Kahlah,كحله,SA-AQ-4
Saudi Arabia,المملكة العربية السعودية,Al-Qassim,القصيم,SA-AQ,Dulay Rashid,ضليع رشيد,SA-AQ-5
Saudi Arabia,المملكة العربية السعودية,Al-Qassim,القصيم,SA-AQ,Dariyah,الدرعية,SA-AQ-6
Saudi Arabia,المملكة العربية السعودية,Al-Qassim,القصيم,SA-AQ,Ar Rishawiyah,الرشاوية ,SA-AQ-7
Saudi Arabia,المملكة العربية السعودية,Al-Qassim,القصيم,SA-AQ,Alnabhanya,النبهانيه,SA-AQ-8
Saudi Arabia,المملكة العربية السعودية,Al-Qassim,القصيم,SA-AQ,Al Midrij,المدراج,SA-AQ-9
Saudi Arabia,المملكة العربية السعودية,Al-Qassim,القصيم,SA-AQ,Al Khishaybi,الخشيبي,SA-AQ-10
Saudi Arabia,المملكة العربية السعودية,Al-Qassim,القصيم,SA-AQ,Al Fuwaileq,الفويلق,SA-AQ-11
Saudi Arabia,المملكة العربية السعودية,Al-Qassim,القصيم,SA-AQ,Al Batra,البتراء,SA-AQ-12
Saudi Arabia,المملكة العربية السعودية,Al-Qassim,القصيم,SA-AQ,Al Ammarah,العمارة,SA-AQ-13
Saudi Arabia,المملكة العربية السعودية,Al-Qassim,القصيم,SA-AQ,Uqlat Al Suqur,عقلة الصقور,SA-AQ-14
Saudi Arabia,المملكة العربية السعودية,Al-Qassim,القصيم,SA-AQ,Riyadh Al Khabra,رياض الخبراء,SA-AQ-15
Saudi Arabia,المملكة العربية السعودية,Al-Qassim,القصيم,SA-AQ,Qassim,القصيم,SA-AQ-16
Saudi Arabia,المملكة العربية السعودية,Al-Qassim,القصيم,SA-AQ,Onaiza,عنيزة,SA-AQ-17
Saudi Arabia,المملكة العربية السعودية,Al-Qassim,القصيم,SA-AQ,Muzneb,مذنب,SA-AQ-18
Saudi Arabia,المملكة العربية السعودية,Al-Qassim,القصيم,SA-AQ,Midinhab,مذنب,SA-AQ-19
Saudi Arabia,المملكة العربية السعودية,Al-Qassim,القصيم,SA-AQ,Buraidah,بريدة,SA-AQ-20
Saudi Arabia,المملكة العربية السعودية,Al-Qassim,القصيم,SA-AQ,Bukeiriah,البكيرية,SA-AQ-21
Saudi Arabia,المملكة العربية السعودية,Al-Qassim,القصيم,SA-AQ,Badaya,البدائع,SA-AQ-22
Saudi Arabia,المملكة العربية السعودية,Al-Qassim,القصيم,SA-AQ,Ayn Fuhayd,عين ابن فهيد,SA-AQ-23
Saudi Arabia,المملكة العربية السعودية,Al-Qassim,القصيم,SA-AQ,Assiyah,الأسياح,SA-AQ-24
Saudi Arabia,المملكة العربية السعودية,Al-Qassim,القصيم,SA-AQ,AlRass,الرس,SA-AQ-25
Saudi Arabia,المملكة العربية السعودية,Al-Qassim,القصيم,SA-AQ,Al Dalemya,الدليمية,SA-AQ-26
Saudi Arabia,المملكة العربية السعودية,Al-Qassim,القصيم,SA-AQ,Duhknah,دخنة,SA-AQ-27
Saudi Arabia,المملكة العربية السعودية,Al-Qassim,القصيم,SA-AQ,Al Qaraa,القرعاء,SA-AQ-28
Saudi Arabia,المملكة العربية السعودية,Al-Qassim,القصيم,SA-AQ,Ash Shimasiyah,الشماسية,SA-AQ-29
Saudi Arabia,المملكة العربية السعودية,Al-Qassim,القصيم,SA-AQ,Alkada,الغضا,SA-AQ-30
Saudi Arabia,المملكة العربية السعودية,Al-Qassim,القصيم,SA-AQ,Qbah,قبه,SA-AQ-31
Saudi Arabia,المملكة العربية السعودية,Al-Madinah Al-Monawarah,المدينة المنورة,SA-MD,Farshat Al Shami,فرشة الشامي,SA-MD-5
Saudi Arabia,المملكة العربية السعودية,Al-Madinah Al-Monawarah,المدينة المنورة,SA-MD,Al Jernafh,الجرنافة,SA-MD-6
Saudi Arabia,المملكة العربية السعودية,Al-Madinah Al-Monawarah,المدينة المنورة,SA-MD,Al Seddarah,السدارة,SA-MD-7
Saudi Arabia,المملكة العربية السعودية,Al-Madinah Al-Monawarah,المدينة المنورة,SA-MD,Abiar Al Mashi,ابيار الماشي,SA-MD-8
Saudi Arabia,المملكة العربية السعودية,Al-Madinah Al-Monawarah,المدينة المنورة,SA-MD,Al Mahd,المهد,SA-MD-9
Saudi Arabia,المملكة العربية السعودية,Al-Madinah Al-Monawarah,المدينة المنورة,SA-MD,Yanbu Al Baher,ينبع البحر,SA-MD-10
Saudi Arabia,المملكة العربية السعودية,Al-Madinah Al-Monawarah,المدينة المنورة,SA-MD,Yanbu,ينبع,SA-MD-11
Saudi Arabia,المملكة العربية السعودية,Al-Madinah Al-Monawarah,المدينة المنورة,SA-MD,Oula,العلا,SA-MD-12
Saudi Arabia,المملكة العربية السعودية,Al-Madinah Al-Monawarah,المدينة المنورة,SA-MD,Mahad Al Dahab,مهد الدهب,SA-MD-13
Saudi Arabia,المملكة العربية السعودية,Al-Madinah Al-Monawarah,المدينة المنورة,SA-MD,Madinah,المدينة,SA-MD-14
Saudi Arabia,المملكة العربية السعودية,Al-Madinah Al-Monawarah,المدينة المنورة,SA-MD,Khaibar,خيبر,SA-MD-15
Saudi Arabia,المملكة العربية السعودية,Al-Madinah Al-Monawarah,المدينة المنورة,SA-MD,Hinakeya,الحناكية,SA-MD-16
Saudi Arabia,المملكة العربية السعودية,Al-Madinah Al-Monawarah,المدينة المنورة,SA-MD,Bader,بدر,SA-MD-17
Saudi Arabia,المملكة العربية السعودية,Al-Madinah Al-Monawarah,المدينة المنورة,SA-MD,Al Musayjid,المسيجيد,SA-MD-18
Saudi Arabia,المملكة العربية السعودية,Al-Madinah Al-Monawarah,المدينة المنورة,SA-MD,Al Sedr,السدر,SA-MD-19
Saudi Arabia,المملكة العربية السعودية,Al-Madinah Al-Monawarah,المدينة المنورة,SA-MD,Al Asheyrah,العشيرة,SA-MD-20
Saudi Arabia,المملكة العربية السعودية,Al-Madinah Al-Monawarah,المدينة المنورة,SA-MD,Habt,هبت,SA-MD-21
Saudi Arabia,المملكة العربية السعودية,Al-Madinah Al-Monawarah,المدينة المنورة,SA-MD,Al Sawah,الصفاء,SA-MD-22
Saudi Arabia,المملكة العربية السعودية,Al-Madinah Al-Monawarah,المدينة المنورة,SA-MD,Wadi Al Fora'a,وادي الفرع,SA-MD-23
Saudi Arabia,المملكة العربية السعودية,Al-Madinah Al-Monawarah,المدينة المنورة,SA-MD,Al Seddah,السدة,SA-MD-24
Saudi Arabia,المملكة العربية السعودية,Al-Madinah Al-Monawarah,المدينة المنورة,SA-MD,Al Ais,العيص,SA-MD-25
Saudi Arabia,المملكة العربية السعودية,Al-Madinah Al-Monawarah,المدينة المنورة,SA-MD,Al Har Al Olyia,الحار العليا,SA-MD-26
Saudi Arabia,المملكة العربية السعودية,Al-Madinah Al-Monawarah,المدينة المنورة,SA-MD,Alyutamah,اليتمة,SA-MD-27
Saudi Arabia,المملكة العربية السعودية,Al-Madinah Al-Monawarah,المدينة المنورة,SA-MD,Al Torkiyah,الطرقية,SA-MD-28
