,
GB-ENG,英格兰,"王國
",英格兰,
GB-SCT,苏格兰,"王國
",苏格兰,
GB-NIR,北愛爾蘭,"地區
",北愛爾蘭,
GB-WLS,威尔士,"王國
",威尔士,
,
GB-EAW,英格蘭和威爾斯,,
GB-GBN,大不列顛,,
GB-UKM,"英國本土
",,
,
"GB-BAS
",巴斯-東北薩默塞特,"Bath and North East Somerset
","單一管理區
",,
"GB-BBD
",布萊克本-達文,"Blackburn with Darwen
","單一管理區
",,
"GB-BDF
",貝德福德區,"Bedford
","單一管理區
",,
"GB-BDG
",巴金-达格纳姆区,"Barking and Dagenham
","倫敦自治市
",,
"GB-BEN
",布伦特区,"Brent
","倫敦自治市
",,
"GB-BEX
",贝克斯利区,"Bexley
","倫敦自治市
",,
"GB-BIR
",伯明罕,"Birmingham
","都會自治市
",,
"GB-BKM
",白金漢郡,"Buckinghamshire
","非都會郡
",,
"GB-BMH
",伯恩茅斯,"Bournemouth
","單一管理區
",,
"GB-BNE
",巴尼特区,"Barnet
","倫敦自治市
",,
"GB-BNH
",布赖顿-霍夫,"Brighton and Hove
","單一管理區
",,
"GB-BNS
",巴恩斯利都市自治市,"Barnsley
","都會自治市
",,
"GB-BOL
",博爾頓都市自治市,"Bolton
","都會自治市
",,
"GB-BPL
",布莱克浦,"Blackpool
","單一管理區
",,
"GB-BRC
",布拉克內爾森林,"Bracknell Forest
","單一管理區
",,
"GB-BRD
",布拉德福德市,"Bradford
","都會自治市
",,
"GB-BRY
",布罗姆利区,"Bromley
","倫敦自治市
",,
"GB-BST
",布里斯托尔,"Bristol
","單一管理區
",,
"GB-BUR
",貝里都市自治市,"Bury
","都會自治市
",,
"GB-CAM
",劍橋郡,"Cambridgeshire
","非都會郡
",,
"GB-CBF
",中央貝德福德郡,"Central Bedfordshire
","單一管理區
",,
"GB-CHE
",柴郡東,"Cheshire East
","單一管理區
",,
"GB-CHW
",柴郡西-切斯特,"Cheshire West and Chester
","單一管理區
",,
"GB-CLD
",科爾德河谷,"Calderdale
","都會自治市
",,
"GB-CMA
",坎布里亞郡,"Cumbria
","非都會郡
",,
"GB-CMD
",卡姆登区,"Camden
","倫敦自治市
",,
"GB-CON
",康沃尔郡,"Cornwall
","單一管理區
",,
"GB-COV
",科芬特里,"Coventry
","都會自治市
",,
"GB-CRY
",克罗伊登区,"Croydon
","倫敦自治市
",,
"GB-DAL
",達靈頓,"Darlington
","單一管理區
",,
"GB-DBY
",德比郡,"Derbyshire
","非都會郡
",,
"GB-DER
",德比,"Derby
","單一管理區
",,
"GB-DEV
",德文郡,"Devon
","非都會郡
",,
"GB-DNC
",唐卡斯特,"Doncaster
","都會自治市
",,
"GB-DOR
",多塞特郡,"Dorset
","非都會郡
",,
"GB-DUD
",達德利,"Dudley
","都會自治市
",,
"GB-DUR
",达勒姆市,"Durham
","單一管理區
",,
"GB-EAL
",伊灵区,"Ealing
","倫敦自治市
",,
"GB-ENF
",恩菲尔德区,"Enfield
","倫敦自治市
",,
"GB-ERY
",東約克郡,"East Riding of Yorkshire
","單一管理區
",,
"GB-ESS
",埃塞克斯郡,"Essex
","非都會郡
",,
"GB-ESX
",東薩塞克斯郡,"East Sussex
","非都會郡
",,
"GB-GAT
",蓋茨黑德都市自治市,"Gateshead
","都會自治市
",,
"GB-GLS
",格洛斯特郡,"Gloucestershire
","非都會郡
",,
"GB-GRE
",格林威治区,"Greenwich
","倫敦自治市
",,
"GB-HAL
",哈爾頓,"Halton
","單一管理區
",,
"GB-HAM
",汉普郡,"Hampshire
","非都會郡
",,
"GB-HAV
",黑弗灵区,"Havering
","倫敦自治市
",,
"GB-HCK
",哈克尼区,"Hackney
","倫敦自治市
",,
"GB-HEF
",赫里福德郡,"Herefordshire
","單一管理區
",,
"GB-HIL
",希灵登区,"Hillingdon
","倫敦自治市
",,
"GB-HMF
",哈默史密斯-富勒姆区,"Hammersmith and Fulham
","倫敦自治市
",,
"GB-HNS
",豪恩斯洛区,"Hounslow
","倫敦自治市
",,
"GB-HPL
",哈特爾浦郡,"Hartlepool
","單一管理區
",,
"GB-HRT
",赫特福德郡,"Hertfordshire
","非都會郡
",,
"GB-HRW
",哈洛区,"Harrow
","倫敦自治市
",,
"GB-HRY
",哈林盖区,"Haringey
","倫敦自治市
",,
"GB-IOW
",懷特島郡,"Isle of Wight
","單一管理區
",,
"GB-ISL
",伊斯灵顿区,"Islington
","倫敦自治市
",,
"GB-KEC
",肯辛顿-切尔西区,"Kensington and Chelsea
","倫敦自治市
",,
"GB-KEN
",肯特郡,"Kent
","非都會郡
",,
"GB-KHL
",赫尔河畔金斯顿,"Kingston upon Hull
","單一管理區
",,
"GB-KIR
",柯克利斯,"Kirklees
","都會自治市
",,
"GB-KTT
",泰晤士河畔金斯顿区,"Kingston upon Thames
","倫敦自治市
",,
"GB-KWL
",諾斯利都市自治市,"Knowsley
","都會自治市
",,
"GB-LAN
",蘭開夏郡,"Lancashire
","非都會郡
",,
"GB-LBH
",兰贝斯区,"Lambeth
","倫敦自治市
",,
"GB-LCE
",萊斯特,"Leicester
","單一管理區
",,
"GB-LDS
",利茲市,"Leeds
","都會自治市
",,
"GB-LEC
",萊斯特郡,"Leicestershire
","非都會郡
",,
"GB-LEW
",路厄斯罕区,"Lewisham
","倫敦自治市
",,
"GB-LIN
",林肯郡,"Lincolnshire
","非都會郡
",,
"GB-LIV
",利物浦,"Liverpool
","都會自治市
",,
"GB-LND
",倫敦市,"London, City of
","郡級城市
",,
"GB-LUT
",卢顿,"Luton
","單一管理區
",,
"GB-MAN
",曼徹斯特,"Manchester
","都會自治市
",,
"GB-MDB
",米德爾斯伯勒,"Middlesbrough
","單一管理區
",,
"GB-MDW
",梅德韋,"Medway
","單一管理區
",,
"GB-MIK
",米爾頓凱恩斯區,"Milton Keynes
","單一管理區
",,
"GB-MRT
",默顿区,"Merton
","倫敦自治市
",,
"GB-NBL
",諾森伯蘭郡,"Northumberland
","單一管理區
",,
"GB-NEL
",東北林肯郡,"North East Lincolnshire
","單一管理區
",,
"GB-NET
",泰恩河畔纽卡斯尔,"Newcastle upon Tyne
","都會自治市
",,
"GB-NFK
",諾福克郡,"Norfolk
","非都會郡
",,
"GB-NGM
",诺丁汉,"Nottingham
","單一管理區
",,
"GB-NLN
",北林肯郡,"North Lincolnshire
","單一管理區
",,
"GB-NSM
",北萨默塞特,"North Somerset
","單一管理區
",,
"GB-NTH
",北安普敦郡,"Northamptonshire
","非都會郡
",,
"GB-NTT
",诺丁汉郡,"Nottinghamshire
","非都會郡
",,
"GB-NTY
",北泰因賽德,"North Tyneside
","都會自治市
",,
"GB-NWM
",纽汉区,"Newham
","倫敦自治市
",,
"GB-NYK
",北約克郡,"North Yorkshire
","非都會郡
",,
"GB-OLD
",奧爾德姆都市自治市,"Oldham
","都會自治市
",,
"GB-OXF
",牛津郡,"Oxfordshire
","非都會郡
",,
"GB-PLY
",普利茅斯,"Plymouth
","單一管理區
",,
"GB-POL
",普爾,"Poole
","單一管理區
",,
"GB-POR
",朴次茅斯,"Portsmouth
","單一管理區
",,
"GB-PTE
",彼得伯勒,"Peterborough
","單一管理區
",,
"GB-RCC
",雷德卡-克利夫蘭,"Redcar and Cleveland
","單一管理區
",,
"GB-RCH
",羅奇代爾都市自治市,"Rochdale
","都會自治市
",,
"GB-RDB
",雷德布里奇区,"Redbridge
","倫敦自治市
",,
"GB-RDG
",雷丁,"Reading
","單一管理區
",,
"GB-RIC
",泰晤士河畔里士满区,"Richmond upon Thames
","倫敦自治市
",,
"GB-ROT
",羅瑟漢姆,"Rotherham
","都會自治市
",,
"GB-RUT
",拉特蘭,"Rutland
","單一管理區
",,
"GB-SAW
",桑德韋爾,"Sandwell
","都會自治市
",,
"GB-SFK
",萨福克郡,"Suffolk
","非都會郡
",,
"GB-SFT
",塞夫頓都會自治市,"Sefton
","都會自治市
",,
"GB-SGC
",南格洛斯特郡,"South Gloucestershire
","單一管理區
",,
"GB-SHF
",谢菲尔德,"Sheffield
","都會自治市
",,
"GB-SHN
",聖海倫斯都會自治市,"St. Helens
","都會自治市
",,
"GB-SHR
",什罗普郡,"Shropshire
","單一管理區
",,
"GB-SKP
",斯托克波特都市自治市,"Stockport
","都會自治市
",,
"GB-SLF
",索爾福德市,"Salford
","都會自治市
",,
"GB-SLG
",斯勞,"Slough
","單一管理區
",,
"GB-SND
",桑德蘭市,"Sunderland
","都會自治市
",,
"GB-SOL
",索利哈爾,"Solihull
","都會自治市
",,
"GB-SOM
",萨默塞特郡,"Somerset
","非都會郡
",,
"GB-SOS
",濱海紹森德,"Southend-on-Sea
","單一管理區
",,
"GB-SRY
",舒梨郡,"Surrey
","非都會郡
",,
"GB-STE
",特倫特河畔斯托克,"Stoke-on-Trent
","單一管理區
",,
"GB-STH
",南安普敦,"Southampton
","單一管理區
",,
"GB-STN
",萨顿区,"Sutton
","倫敦自治市
",,
"GB-STS
",斯塔福德郡,"Staffordshire
","非都會郡
",,
"GB-STT
",蒂斯河畔斯托克頓區,"Stockton-on-Tees
","單一管理區
",,
"GB-STY
",南泰因賽德,"South Tyneside
","都會自治市
",,
"GB-SWD
",斯溫頓區,"Swindon
","單一管理區
",,
"GB-SWK
",萨瑟克区,"Southwark
","倫敦自治市
",,
"GB-TAM
",坦姆賽德,"Tameside
","都會自治市
",,
"GB-TFW
",特爾福德-雷金,"Telford and Wrekin
","單一管理區
",,
"GB-THR
",瑟羅克,"Thurrock
","單一管理區
",,
"GB-TOB
",托貝,"Torbay
","單一管理區
",,
"GB-TRF
",特拉福德,"Trafford
","都會自治市
",,
"GB-TWH
",陶尔哈姆莱茨区,"Tower Hamlets
","倫敦自治市
",,
"GB-WAR
",沃里克郡,"Warwickshire
","非都會郡
",,
"GB-WBK
",西伯克郡,"West Berkshire
","單一管理區
",,
"GB-WFT
",沃尔瑟姆福里斯特区,"Waltham Forest
","倫敦自治市
",,
"GB-WGN
",威根都市自治市,"Wigan
","都會自治市
",,
"GB-WIL
",威尔特郡,"Wiltshire
","單一管理區
",,
"GB-WKF
",韋克菲爾德市,"Wakefield
","都會自治市
",,
"GB-WLL
",沃爾索爾都市自治市,"Walsall
","都會自治市
",,
"GB-WLV
",伍爾弗漢普頓,"Wolverhampton
","都會自治市
",,
"GB-WND
",旺兹沃思区,"Wandsworth
","倫敦自治市
",,
"GB-WNM
",溫莎-梅登黑德,"Windsor and Maidenhead
","單一管理區
",,
"GB-WOK
",沃金厄姆區,"Wokingham
","單一管理區
",,
"GB-WOR
",伍斯特郡,"Worcestershire
","非都會郡
",,
"GB-WRL
",威勒爾都會自治市,"Wirral
","都會自治市
",,
"GB-WRT
",沃靈頓,"Warrington
","單一管理區
",,
"GB-WSM
",威斯敏斯特,"Westminster
","倫敦自治市
",,
"GB-WSX
",西薩塞克斯郡,"West Sussex
","非都會郡
",,
"GB-YOR
",約克,"York
","單一管理區
",,
,
"GB-ABD
",阿伯丁郡,"Aberdeenshire
",,
"GB-ABE
",阿伯丁,"Aberdeen City
",,
"GB-AGB
",阿蓋爾-比特,"Argyll and Bute
",,
"GB-ANS
",安格斯,"Angus
",,
"GB-CLK
",克拉克曼南郡,"Clackmannanshire
",,
"GB-DGY
",鄧弗里斯-加洛韋,"Dumfries and Galloway
",,
"GB-DND
",鄧迪,"Dundee City
",,
"GB-EAY
",東艾爾郡,"East Ayrshire
",,
"GB-EDH
",愛丁堡,"Edinburgh
",,
"GB-EDU
",東鄧巴頓郡,"East Dunbartonshire
",,
"GB-ELN
",東洛錫安,"East Lothian
",,
"GB-ELS
",埃利安錫爾,"Eilean Siar
",,
"GB-ERW
",東倫弗魯郡,"East Renfrewshire
",,
"GB-FAL
",福爾柯克,"Falkirk
",,
"GB-FIF
",法夫,"Fife
",,
"GB-GLG
",格拉斯哥,"Glasgow City
",,
"GB-HLD
",高地,"Highland
",,
"GB-IVC
",因弗克萊德,"Inverclyde
",,
"GB-MLN
",中洛錫安,"Midlothian
",,
"GB-MRY
",馬里,"Moray
",,
"GB-NAY
",北艾爾郡,"North Ayrshire
",,
"GB-NLK
",北拉奈克郡,"North Lanarkshire
",,
"GB-ORK
",奧克尼群島,"Orkney Islands
",,
"GB-PKN
",伯斯-金羅斯,"Perth and Kinross
",,
"GB-RFW
",倫弗魯郡,"Renfrewshire
",,
"GB-SAY
",南艾爾郡,"South Ayrshire
",,
"GB-SCB
",蘇格蘭邊區,"Scottish Borders
",,
"GB-SLK
",南拉奈克郡,"South Lanarkshire
",,
"GB-STG
",斯特灵,"Stirling
",,
"GB-WDU
",西鄧巴頓郡,"West Dunbartonshire
",,
"GB-WLN
",西洛錫安,"West Lothian
",,
"GB-ZET
",设德兰群岛,"Shetland Islands
",,
,
"GB-ANT
",安特里姆區,"Antrim
",,
"GB-ARD
",阿茲區,"Ards
",,
"GB-ARM
",阿馬區,"Armagh
",,
"GB-BFS
",貝爾法斯特區,"Belfast
",,
"GB-BLA
",巴利米納區,"Ballymena
",,
"GB-BLY
",巴利馬尼區,"Ballymoney
",,
"GB-BNB
",班布里奇區,"Banbridge
",,
"GB-CGV
",克雷加文區,"Craigavon
",,
"GB-CKF
",卡里克弗格斯區,"Carrickfergus
",,
"GB-CKT
",庫克斯敦區,"Cookstown
",,
"GB-CLR
",科爾雷恩區,"Coleraine
",,
"GB-CSR
",卡斯爾雷區,"Castlereagh
",,
"GB-DGN
",鄧甘嫩-南蒂龍區,"Dungannon and South Tyrone
",,
"GB-DOW
",唐區,"Down
",,
"GB-DRY
",德里區,"Derry
",,
"GB-FER
",弗馬納區,"Fermanagh
",,
"GB-LMV
",利馬瓦迪區,"Limavady
",,
"GB-LRN
",拉恩區,"Larne
",,
"GB-LSB
",利斯本區,"Lisburn
",,
"GB-MFT
",馬拉費爾特區,"Magherafelt
",,
"GB-MYL
",莫伊爾區,"Moyle
",,
"GB-NDN
",北唐區,"North Down
",,
"GB-NTA
",紐頓阿比區,"Newtownabbey
",,
"GB-NYM
",紐里-莫恩區,"Newry and Mourne District
",,
"GB-OMH
",奧馬區,"Omagh
",,
"GB-STB
",斯特拉班區,"Strabane
",,
,
"GB-AGY
",安格爾西島,"Anglesey
","Ynys Môn
","GB-YNM
",,
"GB-BGE
",布里真德,"Bridgend
","Pen-y-bont ar Ogwr
","GB-POG
",,
"GB-BGW
",布萊耐格溫特,"Blaenau Gwent
","Blaenau Gwent
","GB-BGW
",,
"GB-CAY
",卡菲利,"Caerphilly
","Caerffili
","GB-CAF
",,
"GB-CGN
",錫爾迪金,"Ceredigion
","Ceredigion
","GB-CGN
",,
"GB-CMN
",卡馬森郡,"Carmarthenshire
","Gaerfyrddin, Sir
","GB-GFY
",,
"GB-CRF
",卡地夫,"Cardiff
","Caerdydd
","GB-CRD
",,
"GB-CWY
",康威,"Conwy
","Conwy
","GB-CWY
",,
"GB-DEN
",登比郡,"Denbighshire
","Ddinbych, Sir
","GB-DDB
",,
"GB-FLN
",弗林特郡,"Flintshire
","Fflint, Sir y
","GB-FFL
",,
"GB-GWN
",圭內斯,"Gwynedd
","Gwynedd
","GB-GWN
",,
"GB-MON
",蒙茅斯郡,"Monmouthshire
","Fynwy, Sir
","GB-FYN
",,
"GB-MTY
",梅瑟蒂德菲爾,"Merthyr Tydfil
","Merthyr Tudful
","GB-MTU
",,
"GB-NTL
",下塔爾波特港,"Neath Port Talbot
","Castell-nedd Port Talbot
","GB-CTL
",,
"GB-NWP
",紐波特,"Newport
","Casnewydd
","GB-CNW
",,
"GB-PEM
",彭布羅克郡,"Pembrokeshire
","Benfro, Sir
","GB-BNF
",,
"GB-POW
",波伊斯,"Powys
","Powys
","GB-POW
",,
"GB-RCT
",朗達卡嫩塔夫,"Rhondda Cynon Taf
","Rhondda Cynon Taf
","GB-RCT
",,
"GB-SWA
",斯旺西,"Swansea
","Abertawe
","GB-ATA
",,
"GB-TOF
",托法恩,"Torfaen
","Torfaen
","GB-TOF
",,
"GB-VGL
",格拉摩根谷,"Vale of Glamorgan
","Bro Morgannwg
","GB-BMG
",,
"GB-WRX
",雷克瑟姆,"Wrexham
","Wrecsam
","GB-WRC
",,
,
2002-05-21,"修正名稱錯誤
",,
2007-04-17,ISO 3166-2:JE,,
2007-11-28,"更動行政區
",,
2010-06-30,锡利群岛,,
2011-12-13,"構成國類別更改：
WLS 威爾斯 公國→王國
",,
代码列表,,數字,,ISO 3166-2:CS,ZW,,ISO 3166-2:CS,,代码列表,,"
a 從TP更改
b 從YU更改
",,
,
ISO 3166-2:CS,ZW,,ISO 3166-2:CS,,
